Title,URL,Price,"Formatted Price","Currency Code",Gender,Category,"Store Name","Image URL",Saves
"Studio Ghibli Ponyo MANY SIZES Japanese Fish by TeacupPiranha",https://www.etsy.com/listing/153942347/studio-ghibli-ponyo-many-sizes-japanese?ref=shop_home_active,7.00,$7.00,USD,neutral,home,Etsy,https://s3.amazonaws.com/assets.svpply.com/large/4108879.jpg?1399956673,2
"Poul Jensen - Z-framed easy chair by Poul Jensen for Sale at Deconet",http://www.deconet.com/product.images.action?id=326787&imageId=4,2750,$500-5000,USD,neutral,home,Deconet,https://s3.amazonaws.com/assets.svpply.com/large/1662968.jpg?1404398875,944
"Ace London x A.P.C. Quilt : Other Stuff : Ace Hotel Online Shop",http://shop.acehotel.com/product/ace-london-x-a-p-c-quilt/,720.00,$720.00,USD,neutral,home,Shop.acehotel,https://s3.amazonaws.com/assets.svpply.com/large/3756719.jpg?1399782265,34
"☮♡ Weed Pizza Galaxy Sweater ✞☆",http://1991inc.com/sweaters/weed-pizza-galaxy-sweater,65.00,$65.00,USD,neutral,apparel,1991inc,https://s3.amazonaws.com/assets.svpply.com/large/3080605.jpg?1403485990,57
"FF LOWS | UNIF",http://unifclothing.com/mens/ff-lows-black,135.00,$135.00,USD,neutral,shoes,Unifclothing,https://s3.amazonaws.com/assets.svpply.com/large/3680917.jpg?1403498810,47
"Celfie Sweatshirt | Selfie | Celine Sweater",http://www.etsy.com/listing/166729021/celfie-sweatshirt-selfie-celine-sweater?ref=shop_home_active#,23.00,$23.00,USD,neutral,apparel,Etsy,https://s3.amazonaws.com/assets.svpply.com/large/3610110.jpg?1400585079,51
"PrettySucks / Male / Always Tired Sweater: 39.00 EUR",http://www.prettysucks.com/categories/4-male/products/10109-always-tired-sweater,75,$50-100,USD,male,apparel,Prettysucks,https://s3.amazonaws.com/assets.svpply.com/large/2079518.jpg?1404390146,280
"Stay Gold Sweatshirt | Stay Cool Sweater",http://www.etsy.com/listing/169963425/stay-gold-sweatshirt-stay-cool-sweater?ref=shop_home_feat#,29.00,$29.00,USD,neutral,apparel,Etsy,https://s3.amazonaws.com/assets.svpply.com/large/3614080.jpg?1404474110,111
"V03D Date Wristwatch by VOID Watches",http://www.theghostlystore.com/collections/goods/products/void-date-wristwatch-v03d-brblwh#prettyPhoto,215.00,$215.00,USD,neutral,accessories,"The Ghostly Store",https://s3.amazonaws.com/assets.svpply.com/large/3326546.jpg?1404498909,173
"Rockwell by Parra - crewneck sweater misspelled logo",http://www.rockwellbyparra.com/usa/viewItem.asp?idProduct=969,85.00,$85.00,USD,male,apparel,Rockwellbyparra,https://s3.amazonaws.com/assets.svpply.com/large/2577787.jpg?1386831620,9
"Antea 390 Day-Date Schwarz",http://www.stowa.de/cgi-bin/cosmoshop/lshop.cgi?action=largepic&pic=/z/antea390daydateschwarz/g/Antea_390_Day_Date_schwarz_5.jpg&artnum=antea390daydateschwarz&wkid=133186453426598&ls=de&nocache=1331864663-27036,2750,$500-5000,USD,male,accessories,Stowa.de,https://s3.amazonaws.com/assets.svpply.com/large/1382128.jpg?1400072267,138
"Sick Baggy Wasted Youth Hipster Indie Swag T Shirt Geek Dope MEN Women Girls | eBay",http://www.ebay.com.au/itm/SICK-BAGGY-WASTED-YOUTH-HIPSTER-INDIE-SWAG-T-SHIRT-GEEK-DOPE-MEN-WOMEN-GIRLS-/221189138496?pt=UK_Men_s_T_Shirts&var;&hash;=item337fe66840&_uhb=1,8.00,£8.00,GBP,male,apparel,Ebay.au,https://s3.amazonaws.com/assets.svpply.com/large/3397224.jpg?1404597424,1313
"Illest T Shirt Wolf Gang Dope Ymcmb Ofwgkta Swag Hipster TOP TEE | eBay",http://www.ebay.com.au/itm/ILLEST-T-SHIRT-WOLF-GANG-DOPE-YMCMB-OFWGKTA-SWAG-HIPSTER-TOP-TEE-/251237647196?pt=UK_Men_s_T_Shirts&var;&hash;=item3a7eee435c&_uhb=1,6.00,£6.00,GBP,male,apparel,Ebay.au,https://s3.amazonaws.com/assets.svpply.com/large/3404180.jpg?1404453244,1499
"Party & Bullshit Black sweatshirt crewneck",https://www.etsy.com/listing/162188105/party-bullshit-black-sweatshirt-crewneck?ref=shop_home_active,39.90,$39.90,USD,male,apparel,Etsy,https://s3.amazonaws.com/assets.svpply.com/large/3420186.jpg?1403990800,577
"Hype Believe Baggy Wasted Youth Hipster Indie Swag T Shirt Geek MEN Women Girls | eBay",http://www.ebay.com.au/itm/HYPE-BELIEVE-BAGGY-WASTED-YOUTH-HIPSTER-INDIE-SWAG-T-SHIRT-GEEK-MEN-WOMEN-GIRLS-/221189137742?pt=UK_Men_s_T_Shirts&var;&hash;=item337fe6654e&_uhb=1,8.00,£8.00,GBP,male,apparel,Ebay.au,https://s3.amazonaws.com/assets.svpply.com/large/3397215.jpg?1404420770,509
"Lazy Oaf Bits N Dots Sweatshirt | Hypebeast Store",http://store.hypebeast.com/brands/lazy-oaf/bits-n-dots-sweatshirt,125.00,$125.00,USD,male,apparel,Hypebeast,https://s3.amazonaws.com/assets.svpply.com/large/3398408.jpg?1404543396,612
"Lars Göran Backpack by Sandqvist",http://www.theghostlystore.com/collections/bags-and-billfolds/products/sandqvist-lars-goran-backpack,227.00,$227.00,USD,male,accessories,"The Ghostly Store",https://s3.amazonaws.com/assets.svpply.com/large/3174263.jpg?1403308169,133
"Hawkings McGill Printed Button-Down Oxford Shirt - Urban Outfitters","http://www.urbanoutfitters.com/urban/catalog/productdetail.jsp?id=28793271&color=040&parentid=MORE IDEAS",54.00,$54.00,USD,male,apparel,"Urban Outfitters",https://s3.amazonaws.com/assets.svpply.com/large/3338042.jpg?1401844125,5
"Hawkings McGill Foxy Oxford Shirt - Urban Outfitters",http://www.urbanoutfitters.com/urban/catalog/productdetail.jsp?id=26108225&parentid=SUGGESTIVE+SEARCH+RESULTS,75,$50-100,USD,male,apparel,"Urban Outfitters",https://s3.amazonaws.com/assets.svpply.com/large/2274645.jpg?1401844373,14
"Long Clothing Fox White T-Shirt",http://www.coggles.com/item/Long-Clothing/Fox-White-T-Shirt/7WK7,75,$50-100,USD,male,apparel,Coggles,https://s3.amazonaws.com/assets.svpply.com/large/265802.jpg?1401062757,25
"PrettySucks / Male / Fox Sweatshirt: 39.00 EUR",http://www.prettysucks.com/categories/4-male/products/10118-fox-sweatshirt,39.00,€39.00,EUR,neutral,apparel,Prettysucks,https://s3.amazonaws.com/assets.svpply.com/large/2405031.jpg?1404230917,1114
"Aubin & Wills Frestrop Fox Merino Wool Sweater | MR PORTER",http://www.mrporter.com/product/162576,350,$200-500,USD,neutral,apparel,"MR PORTER",https://s3.amazonaws.com/assets.svpply.com/large/879723.jpg?1403638737,746
"Gummy Bears Print Sweater – Glamzelle",http://www.glamzelle.com/products/gummy-bears-print-sweater,55.00,$55.00,USD,neutral,apparel,Glamzelle,https://s3.amazonaws.com/assets.svpply.com/large/3288174.jpg?1378346314,2
"Flatspot AIC Wool Watchcap Charcoal NEP",http://www.flatspot.com/products/flatspot-aic-wool-watchcap-charcoal-nep,30.00,£30.00,GBP,neutral,accessories,Flatspot,https://s3.amazonaws.com/assets.svpply.com/large/3152731.jpg?1404480989,787
"Norse Projects Karl Moulinex Knit",http://www.endclothing.co.uk/latest-products/norse-projects-karl-moulinex-knit.html,350,$200-500,USD,male,apparel,"End Clothing",https://s3.amazonaws.com/assets.svpply.com/large/1796573.jpg?1404470167,524
"200 Series (PVD Gun Grey / Tan Leather) | Uniform Wares",http://www.uniformwares.com/200-series-pvd-gun-grey-or-tan-leather-,350,$200-500,USD,male,accessories,Uniformwares,https://s3.amazonaws.com/assets.svpply.com/large/1529473.jpg?1404515756,232
"Mickey Hands W Crewneck Sweater Mouse Whatevers Dope Hype SWAG Crooks huf obey",http://www.ebay.com/itm/Mickey-Hands-W-Crewneck-Sweater-Mouse-Whatevers-Dope-Hype-SWAG-Crooks-huf-obey-/141013201294?pt=US_Mens_Sweats_Hoodies&var=,24.99,$24.99,USD,neutral,other,RoyalTeeClothing,https://s3.amazonaws.com/assets.svpply.com/large/3114864.jpg?1401753836,5
"Trill I Crewneck Sweater JDM illest OBEY Dope HUF OVOXO Diamond YMCMB ASAP Rocky",http://www.ebay.com/itm/Trill-Crewneck-Sweater-JDM-illest-OBEY-Dope-HUF-OVOXO-Diamond-YMCMB-ASAP-Rocky-/141013201304?pt=US_Mens_Sweats_Hoodies&var=,24.99,$24.99,USD,neutral,other,RoyalTeeClothing,https://s3.amazonaws.com/assets.svpply.com/large/3114872.jpg?1401753840,11
"XO AVENUE — XO PARIS SWEATER",http://www.xoavenue.com/collections/frontpage/products/xo-paris-sweater-1,70.00,$70.00,USD,male,apparel,Xoavenue,https://s3.amazonaws.com/assets.svpply.com/large/3094680.jpg?1403442982,337
"ANCHOR PRINT SWEATER - Knitwear - Man - ZARA United States","http://www.zara.com/webapp/wcs/stores/servlet/product/us/en/zara-nam-S2013/358055/1047668/ANCHOR PRINT SWEATER",49.00,$49.00,USD,male,apparel,Zara,https://s3.amazonaws.com/assets.svpply.com/large/2444861.jpg?1400683917,121
"Carhartt WIP - Superduck Merino Wool Sweater in Navy | HUH. Store",http://store.huhmagazine.co.uk/336/carhartt-wip-superduck-merino-wool-sweater-in-navy#,150,$100-200,USD,male,apparel,"HUH. Store",https://s3.amazonaws.com/assets.svpply.com/large/2025743.jpg?1404545380,327
"Deathly Hallows Sweater",http://www.etsy.com/listing/105209409/unisex-deathly-hallows-harry-potter,45.50,$45.50,USD,neutral,apparel,Etsy,https://s3.amazonaws.com/assets.svpply.com/large/2235901.jpg?1404111627,772
"Oh Hell Nah — 'DIE' Sweater.",http://store.ohhellnah.com.au/collections/frontpage/products/die,75,$50-100,USD,neutral,apparel,Store.ohhellnah.com,https://s3.amazonaws.com/assets.svpply.com/large/1455814.jpg?1403641278,793
"Better Off Dead YS L'Homie Sweater (Black)",http://www.endclothing.co.uk/better-off-dead-ys-l-homie-sweater.html,75,$50-100,USD,male,apparel,"End Clothing",https://s3.amazonaws.com/assets.svpply.com/large/1184346.jpg?1403901860,688
"Home Alone Christmas Sweater Crewneck Sweatshirt",http://www.etsy.com/listing/114917161/home-alone-christmas-sweater-crewneck,29.99,$29.99,USD,male,apparel,Etsy,https://s3.amazonaws.com/assets.svpply.com/large/2103585.jpg?1404546410,2416
"Fab.com | Watermelons Sweatshirt Navy",http://fab.com/sale/19296/product/359885/,42.00,$42.00,USD,neutral,apparel,Fab,https://s3.amazonaws.com/assets.svpply.com/large/2665033.jpg?1402531403,122
"Orrery at 1stdibs",http://www.1stdibs.com/furniture/more-furniture-collectibles/globes/orrery/id-f_797158/,2800.00,"$2,800.00",USD,neutral,home,1stdibs,https://s3.amazonaws.com/assets.svpply.com/large/3070186.jpg?1403106163,36
"GENERAL STORE",http://shop-generalstore.com/berglamp.html,150,$100-200,USD,neutral,art,"General Store",https://s3.amazonaws.com/assets.svpply.com/large/437032.jpg?1404656904,2765
"Pharmacy Accessories Amber Glass",http://www.restorationhardware.com/catalog/product/product.jsp?productId=prod1870485&categoryId=cat780015,45.00,$45.00,USD,neutral,home,"Restoration Hardware",https://s3.amazonaws.com/assets.svpply.com/large/2871618.jpg?1403587660,490
"Hotflush Mens T-Shirts 2013 In Black - HOTFLUSHTEE003MB",http://www.surus.co.uk/Hotflush-Recordings/Hotflush-Mens-T-Shirts-2013-In-Black-21808.aspx,25.00,£25.00,GBP,male,apparel,Surus,https://s3.amazonaws.com/assets.svpply.com/large/2894627.jpg?1402318206,23
,http://www.phonicarecords.com/product/view/113106,31.00,£31.00,GBP,neutral,apparel,Phonicarecords,https://s3.amazonaws.com/assets.svpply.com/large/2894625.jpg?1369499464,1
"OPENING CEREMONY EXCLUSIVE CAT EMBROIDERED SWEATER - MEN - OPENING CEREMONY",http://www.openingceremony.us/products.asp?menuid=1&designerid=6&productid=64874,150,$100-200,USD,male,apparel,"Opening Ceremony",https://s3.amazonaws.com/assets.svpply.com/large/1758351.jpg?1402671148,244
"Best Made Company — Sarpaneva Cast Iron Pot (3 quart)",http://www.bestmadeco.com/products/sarpaneva-cast-iron-pot?utm_source=Best+Made+Company+Email+List&utm_campaign=58c74e3f61-This_week_at_Best_Made5_14_2013&utm_medium=email&utm_term=0_8d7a6bb80f-58c74e3f61-294302017&mc_cid=58c74e3f61&mc_eid=34786352b2,295.00,$295.00,USD,neutral,home,"Best Made Company",https://s3.amazonaws.com/assets.svpply.com/large/2863501.jpg?1370564798,6
"Buy Me Brunch Mens Tank Top – Buy Me Brunch",http://www.buymebrunch.com/collections/mens/products/find-us-tank,22.00,$22.00,USD,male,apparel,Buymebrunch,https://s3.amazonaws.com/assets.svpply.com/large/2827304.jpg?1402533559,220
"Slab Blocks",http://www.houseind.com/objects/accessories/neutrafaceslabblocks,35,$20-50,USD,neutral,other,"House Industries",https://s3.amazonaws.com/assets.svpply.com/large/2915.jpg?1399790396,42
"UI Stencils—iPhone Stencil Kit",http://www.uistencils.com/products/iphone-stencil-kit,26.00,$26.00,USD,neutral,art,Uistencils,https://s3.amazonaws.com/assets.svpply.com/large/2349888.jpg?1361558654,1
"Griz Coat - Original by Buffoonery Factory LLC | Griz Coat",http://grizcoat.com/products/griz-coat-original,249.00,$249.00,USD,neutral,apparel,Grizcoat,https://s3.amazonaws.com/assets.svpply.com/large/2340527.jpg?1362241897,3
"Scrabble Typography Edition - Winning Solutions, Inc.",http://www.winningsolution.com/premium-games-for-sale/scrabble-typography-edition/,150,$100-200,USD,neutral,other,Winningsolution,https://s3.amazonaws.com/assets.svpply.com/large/1672030.jpg?1404280862,619
"Best Made Company — Our Famous Red Wool Blanket",http://www.bestmadeco.com/collections/frontpage/products/our-famous-red-wool-blanket,245.00,$245.00,USD,neutral,home,"Best Made Company",https://s3.amazonaws.com/assets.svpply.com/large/2327689.jpg?1400827276,12
"Concrete Matter — Red Siskin",http://www.concrete-matter.com/collections/frontpage/products/red-siskin,160.00,€160.00,EUR,neutral,home,"Concrete Matter",https://s3.amazonaws.com/assets.svpply.com/large/2325724.jpg?1361285182,18
"UNIONMADE - golden bear - Windsor Shawl Collar in Loden",http://unionmadegoods.com/golden_bear_Windsor_Shawl_Collar_in_Loden_7738.html,350,$200-500,USD,neutral,apparel,"Unionmade Goods",https://s3.amazonaws.com/assets.svpply.com/large/2259377.jpg?1404234079,372
"The Tweed Blazer - Blazers - Clothing - Men",http://us.gant.com/men/clothing/blazers/the-mb-tweed-blazer,2750,$500-5000,USD,male,apparel,Gant,https://s3.amazonaws.com/assets.svpply.com/large/1831365.jpg?1401737389,126
"Deer head triangles print 11 X 16",http://www.etsy.com/listing/79411233/deer-head-triangles-print-11-x-16,20.00,$20.00,USD,neutral,art,Etsy,https://s3.amazonaws.com/assets.svpply.com/large/1619348.jpg?1404486879,293
"Industrial Pendant – Glass",http://www.westelm.com/products/industrial-pendant-glass-w682/?pkey=call-lighting,75,$50-100,USD,neutral,home,"West Elm",https://s3.amazonaws.com/assets.svpply.com/large/1775287.jpg?1401234225,10
"Wellfleet madras tie",http://www.jcrew.com/AST/Navigation/Sale/AllProducts/PRDOVR~25432/99101983038/ENE~1+2+3+22+4294967294+20~225~~20+16~15~~~~~~~/25432.jsp,35,$20-50,USD,male,apparel,J.Crew,https://s3.amazonaws.com/assets.svpply.com/large/64437.jpg?1403726212,96
"Eames® Leather Lounge Chair and Ottoman",http://www.roomandboard.com/rnb/product/detail.do?productGroup=19250&subcategory=h_hermanmiller,2750,$500-5000,USD,neutral,home,"Room & board",https://s3.amazonaws.com/assets.svpply.com/large/152127.jpg?1404619786,678
"Detroit Make The World Go Round Tee",http://www.theghostlystore.com/collections/clothing/products/detroit-make-the-world-go-round-tee,35,$20-50,USD,male,apparel,"The Ghostly Store",https://s3.amazonaws.com/assets.svpply.com/large/1458926.jpg?1400605675,129
"Lekker Home",http://www.lekkerhome.com/Teak-Chair-EX1.html,350,$200-500,USD,neutral,home,"Lekker Home",https://s3.amazonaws.com/assets.svpply.com/large/1553562.jpg?1402881160,56
"Teak ""Stretch"" Table",http://www.lekkerhome.com/Teak-Stretch-Table.html,2750,$500-5000,USD,neutral,home,"Lekker Home",https://s3.amazonaws.com/assets.svpply.com/large/273767.jpg?1382756911,30
"Larry Rivers New York Film Litho Signd : 20th Century Vintage Industrial : Modern Fifty",http://www.modern50.com/artsculpture/larry-rivers-new-york-film-litho-signd/,2750,$500-5000,USD,neutral,art,Modern50,https://s3.amazonaws.com/assets.svpply.com/large/1472096.jpg?1401234412,4
"Vintage USA Map Parody Carlas Poster : 20th Century Vintage Industrial : Modern Fifty",http://www.modern50.com/artsculpture/vintage-usa-map-parody-carlas-poster/,350,$200-500,USD,neutral,art,Modern50,https://s3.amazonaws.com/assets.svpply.com/large/1472110.jpg?1401402215,4
"Vintage Star Charts",http://honeyandfitz.blogspot.com/2011/11/vintage-star-charts.html#axzz1oOpZKnOC,150,$100-200,USD,neutral,home,Honeyandfitz.blogspot,https://s3.amazonaws.com/assets.svpply.com/large/1356186.jpg?1387631480,9
"Star Charts",http://presentandcorrect.com/item.php?item_id=1308,10.5,$1-20,USD,neutral,art,"Present and Correct",https://s3.amazonaws.com/assets.svpply.com/large/1533438.jpg?1403001529,364
"Wild Forever Taxali",http://www.taxalionline.com/prints/wild-forever-limited-edition-print.html,350,$200-500,USD,neutral,art,Taxalionline,https://s3.amazonaws.com/assets.svpply.com/large/1567198.jpg?1393294683,50
"Symbol Audio | MODERN RECORD CONSOLE",http://www.symbolaudio.com/collection/modern-record-console/,18000.00,"$18,000.00",USD,neutral,home,Symbolaudio,https://s3.amazonaws.com/assets.svpply.com/large/1581699.jpg?1404123407,333
"Symbol Audio | LP STORAGE CABINET",http://www.symbolaudio.com/collection/lp-storage-cabinet/#!prettyPhoto,3600.00,"$3,600.00",USD,neutral,home,Symbolaudio,https://s3.amazonaws.com/assets.svpply.com/large/1590103.jpg?1390247758,11
"quirky - Plug Hub Desk Power Cable Organizer",http://www.quirky.com/products/64-Plug-Hub-Desk-Power-Cable-Organizer,35,$20-50,USD,neutral,tech,Quirky,https://s3.amazonaws.com/assets.svpply.com/large/1150170.jpg?1403681971,310
"Compass | Joey Roth",http://joeyroth.com/compass/,75,$50-100,USD,neutral,accessories,"Joey Roth",https://s3.amazonaws.com/assets.svpply.com/large/1562833.jpg?1400370939,25
"Thermowood Bath Mat Remodelista",http://remodelista.com/products/thermowood-bath-mat,150,$100-200,USD,neutral,home,Remodelista,https://s3.amazonaws.com/assets.svpply.com/large/1526330.jpg?1404162404,250
"Industrial Chandelier with vintage bulbs",http://www.etsy.com/listing/83658342/industrial-chandelier-with-vintage-bulbs,595.00,$595.00,USD,neutral,home,Etsy,https://s3.amazonaws.com/assets.svpply.com/large/1515623.jpg?1404397574,451
"Jawbone BIG JAMBOX Wireless Speaker",http://jawbone.com/speakers/bigjambox/overview,350,$200-500,USD,neutral,tech,Jawbone,https://s3.amazonaws.com/assets.svpply.com/large/1551819.jpg?1402701273,686
"Men's outerwear",http://www.jcrew.com/mens_category/outerwear/jcrewingoodcompany/PRDOVR~13800/13800.jsp,350,$200-500,USD,male,apparel,J.Crew,https://s3.amazonaws.com/assets.svpply.com/large/1523935.jpg?1400453723,62
"Felt & Wire Shop: Think Print from Scribble on Everything",http://feltandwireshop.com/products/think-print,10.5,$1-20,USD,neutral,art,Feltandwireshop,https://s3.amazonaws.com/assets.svpply.com/large/861489.jpg?1404548073,1920
"Tivoli Model Three Clock Radio | Apartment Therapy Marketplace",http://marketplace.apartmenttherapy.com/daily_finds/tivoli-model-three-clock-radio,350,$200-500,USD,neutral,tech,Marketplace.apartmenttherapy,https://s3.amazonaws.com/assets.svpply.com/large/162950.jpg?1399605318,56
"The Way We Live In the City (Way We Live (Rizzoli))",http://amazon.com/dp/0847829642/?tag=svpply01-20,39.95,$39.95,USD,neutral,media,Amazon,https://s3.amazonaws.com/assets.svpply.com/large/197864.jpg?1404502226,1030
"Games People Play: The Basic Handbook of Transactional Analysis.",http://amazon.com/dp/0345410033/?tag=svpply01-20,8.63,$8.63,USD,neutral,media,Amazon,https://s3.amazonaws.com/assets.svpply.com/large/856120_336.jpg?1404644031,2319
"Icons of Men's Style",http://amazon.com/dp/1856697223/?tag=svpply01-20,16.04,$16.04,USD,neutral,media,Amazon,https://s3.amazonaws.com/assets.svpply.com/large/358768.jpg?1404548980,947
"Pioneers of modern typography (Herbert Spencer, 1969) – designers books",http://www.designers-books.com/?p=826,35,$20-50,USD,neutral,media,Designers-books,https://s3.amazonaws.com/assets.svpply.com/large/196978.jpg?1399426087,273
"Paul Rand | Design | Phaidon Store",http://uk.phaidon.com/store/design/paul-rand-9780714839943/,35,$20-50,USD,neutral,art,Uk.phaidon,https://s3.amazonaws.com/assets.svpply.com/large/949344.jpg?1401245858,66
"urbancase - We do furniture...and design",http://www.urbancase.com/pages/sidebar/sidebar1.html,2750,$500-5000,USD,neutral,home,Urbancase,https://s3.amazonaws.com/assets.svpply.com/large/561828.jpg?1404321867,84
"1930s French Postal Desk",http://restorationhardware.com/catalog/product/product.jsp?productId=prod60341&categoryId=cat160039,2750,$500-5000,USD,neutral,home,"Restoration Hardware",https://s3.amazonaws.com/assets.svpply.com/large/125059.jpg?1404467521,1368
"French Factory Metal Desk",http://www.restorationhardware.com/catalog/product/product.jsp?productId=prod80290&categoryId=cat160039,2750,$500-5000,USD,neutral,home,"Restoration Hardware",https://s3.amazonaws.com/assets.svpply.com/large/442725.jpg?1404493233,621
"TMA-1 - AIAIAI",http://www.aiaiai.dk/store/headphones/tma-1,350,$200-500,USD,neutral,tech,Aiaiai.dk,https://s3.amazonaws.com/assets.svpply.com/large/1113806.jpg?1347000597,6
"Handmade Houses: A Century of Earth-Friendly Home Design",http://www.amazon.com/Handmade-Houses-Century-Earth-Friendly-Design/dp/0847838455,29.69,$29.69,USD,neutral,media,Amazon,https://s3.amazonaws.com/assets.svpply.com/large/1394299.jpg?1404149778,1786
"What if show — What If He-Man and Skeletor were Best Friends?",http://whatifshow.bigcartel.com/product/what-if-he-man-and-skeletor-were-best-friends,60.00,$60.00,USD,neutral,art,Whatifshow.bigcartel,https://s3.amazonaws.com/assets.svpply.com/large/1215036.jpg?1403639987,384
"Tim Boelaars — Tools",http://store.timboelaars.nl/product/tools,35.00,€35.00,EUR,neutral,art,Store.timboelaars.nl,https://s3.amazonaws.com/assets.svpply.com/large/1265711.jpg?1403517974,322
"Vintage Loch Sloy Scottish Yacht Flag : 20th Century Vintage Industrial Furnishings Design",http://modern50.com/artsculpture/vintage-loch-sloy-scottish-yacht-flag/,2750,$500-5000,USD,neutral,art,Modern50,https://s3.amazonaws.com/assets.svpply.com/large/1177809.jpg?1353974507,3
"Vise Bookends - Home Office - Accessories",http://www.restorationhardware.com/rh/catalog/product/product.jsp?productId=prod2210021&navAction=jump&navCount=4,75,$50-100,USD,neutral,home,"Restoration Hardware",https://s3.amazonaws.com/assets.svpply.com/large/14262.jpg?1401867266,145
"Beautifully Modern Reclaimed Old Growth Dresser",http://www.etsy.com/listing/89996776/beautifully-modern-reclaimed-old-growth?ref=sr_gallery_29&sref;=&ga;_search_submit=&ga_search_query=industrial&ga_order=date_desc&ga_ship_to=US&ga_view_type=gallery&ga_page=10&ga_search_type=all&ga;_facet=,1475.00,"$1,475.00",USD,neutral,home,Etsy,https://s3.amazonaws.com/assets.svpply.com/large/1162188.jpg?1404585994,489
"WAFFLE BUTTON UP CARDIGAN, MILITARY GREEN :",http://www.hickorees.com/brand/folk/product/waffle-button-up-cardigan-military-green,350,$200-500,USD,male,apparel,Hickoree's,https://s3.amazonaws.com/assets.svpply.com/large/1121547.jpg?1401503579,78
"Glass Jar Pendants",http://www.westelm.com/products/glass-jar-pendants-w649/?pkey=cpendant-sconce-lamps-chandeliers,75,$50-100,USD,neutral,home,"West Elm",https://s3.amazonaws.com/assets.svpply.com/large/661189.jpg?1403946772,142
"Glass Growler",http://www.westelm.com/products/glass-growler-e648/?pkey=cglassware,10.5,$1-20,USD,neutral,home,"West Elm",https://s3.amazonaws.com/assets.svpply.com/large/476646.jpg?1401566311,256
"wings + horns leather service boot WI-7022-BRN",http://www.gravitypope.com/shoes/product/10762-wings-+-horns-wi-7022-brn-leather-service-boot,2750,$500-5000,USD,male,shoes,Gravitypope,https://s3.amazonaws.com/assets.svpply.com/large/346685.jpg?1398997524,24
"The Oxford Companion To Beer",http://uncrate.com/stuff/the-oxford-companion-to-beer/,35,$20-50,USD,neutral,media,Uncrate,https://s3.amazonaws.com/assets.svpply.com/large/855340.jpg?1378086594,15
"Paul Rand",http://amazon.com/dp/0714839949/?tag=svpply01-20,27.62,$27.62,USD,neutral,media,Amazon,https://s3.amazonaws.com/assets.svpply.com/large/327614.jpg?1379318699,22
"Band of Outsiders Harrington Waterproof Cotton Jacket Brown",http://www.contextclothing.com/item.php?id=2621,2750,$500-5000,USD,male,apparel,"Context Clothing",https://s3.amazonaws.com/assets.svpply.com/large/852539.jpg?1403537999,34
"INFMETRY:: DIY Romantic Star Projector",http://www.infmetry.com/diy-romantic-star-projector,35,$20-50,USD,neutral,home,Infmetry,https://s3.amazonaws.com/assets.svpply.com/large/691099.jpg?1402447458,184
"Portland General Store Whiskey Aftershave in Holiday Shop by Recipient Gifts for Him at Terrain",http://www.shopterrain.com/holiday-gifts-for-him/portland-general-store-whiskey-aftershave,10.5,$1-20,USD,male,accessories,Terrain,https://s3.amazonaws.com/assets.svpply.com/large/1059254.jpg?1404524666,165
"Fancy - Seagull 1963 Air Force Watch",http://www.thefancy.com/things/235849127/Seagull-1963-Air-Force-Watch,5000,$5000+,USD,male,accessories,Thefancy,https://s3.amazonaws.com/assets.svpply.com/large/1055297.jpg?1397900555,79
"Plate Hook",http://makr.com/plate-hook-pewter,75,$50-100,USD,neutral,home,"Makr Carry Goods",https://s3.amazonaws.com/assets.svpply.com/large/1004965.jpg?1404435596,75
"Brands Store - Scotch & Soda Herren Hoddie ""hoody pull - naps yarn - contrast cuffs"" grau 1104-09.60027-720",http://www.brands-store.de/MEN/LONGSLEEVES-HOODIES/Scotch-Soda-Herren-Hoddie-hoody-pull-naps-yarn-contrast-cuffs-grau--5386.html,150,$100-200,USD,male,apparel,Brands-store.de,https://s3.amazonaws.com/assets.svpply.com/large/894590.jpg?1404511509,310
"Egg Nog Arrays (Set of 5 Letterpress Greeting Cards)",http://www.etsy.com/listing/85652084/egg-nog-arrays-set-of-4-letterpress,15.00,$15.00,USD,neutral,art,Etsy,https://s3.amazonaws.com/assets.svpply.com/large/1055381.jpg?1395103820,46
"kithnyc - RF X Chippewa 6"" Boot - Brown Bomber",http://shop.kithnyc.com/products/6-boot-brown-bomber,350,$200-500,USD,male,shoes,Shop.kithnyc,https://s3.amazonaws.com/assets.svpply.com/large/1054914.jpg?1403626758,90
"STADIUM JACKET, GREY :",http://www.hickorees.com/brand/universal-works/product/stadium-jacket-grey,150,$100-200,USD,male,apparel,Hickoree's,https://s3.amazonaws.com/assets.svpply.com/large/637690.jpg?1402179612,343
"Pointed Tie In Denim",http://needsupply.com/mens/pointed-tie-in-denim.html,75,$50-100,USD,male,accessories,"Need Supply Co.",https://s3.amazonaws.com/assets.svpply.com/large/1042118.jpg?1404318513,151
"Be Awesome Today 8x10 Art Print - Motivational Uplifting inspirational",http://www.etsy.com/listing/68111893/be-awesome-today-8x10-art-print,18.00,$18.00,USD,neutral,art,Etsy,https://s3.amazonaws.com/assets.svpply.com/large/598326.jpg?1399949705,30
Remodelista,http://remodelista.com/products/clear-glass-jugs,10.5,$1-20,USD,neutral,home,Remodelista,https://s3.amazonaws.com/assets.svpply.com/large/112562.jpg?1386364781,48
"Rare Original 1905 NYC Navy Recruiting Sign | VandM.com",http://vandm.com/Rare-Original-1905-NYC-Navy-Recruiting-Sign/3_239_60=0_new=1_product=364390.aspx,2750,$500-5000,USD,neutral,home,VandM,https://s3.amazonaws.com/assets.svpply.com/large/905248.jpg?1400844037,30
"Gant Rugger Wool-Blend Jacket | MR PORTER",http://www.mrporter.com/product/166073,150,$100-200,USD,male,apparel,"MR PORTER",https://s3.amazonaws.com/assets.svpply.com/large/1031882.jpg?1372734238,2
"SBY 016",http://www.winterworksonpaper.com/photos/Pages/SBY_016.htm,350,$200-500,USD,neutral,media,Winterworksonpaper,https://s3.amazonaws.com/assets.svpply.com/large/4622.jpg?1329227654,9
"Original Cast Iron Singer Stools - Vintage Industrial Furniture - Original House",http://www.original-house.co.uk/Productdetail.aspx?pid=36d8285d-c097-455b-b9f3-2e4b3eed2177,2750,$500-5000,USD,neutral,home,Original-house,https://s3.amazonaws.com/assets.svpply.com/large/865298.jpg?1401937147,46
"Original House - Reclaimed Interiors - Vintage Lighting, Furniture and Accessories based in the Cotswolds",http://www.original-house.co.uk/archive.aspx,150,$100-200,USD,neutral,home,Original-house,https://s3.amazonaws.com/assets.svpply.com/large/897674.jpg?1403147267,204
"Original House - Reclaimed Interiors - Vintage Lighting, Furniture and Accessories based in the Cotswolds",http://www.original-house.co.uk/archive.aspx,2750,$500-5000,USD,neutral,home,Original-house,https://s3.amazonaws.com/assets.svpply.com/large/859980.jpg?1404393342,907
"Dribbble Store — 400×300 Tee",http://store.dribbble.com/product/400300-tee,35,$20-50,USD,neutral,apparel,Store.dribbble,https://s3.amazonaws.com/assets.svpply.com/large/921909.jpg?1331737326,2
"The Entire Bell & Ross Vintage Line For Your Inspection: Watches That Are Tough To Argue With - Blog - Hodinkee",http://www.hodinkee.com/blog/2010/7/26/the-entire-bell-ross-vintage-line-for-your-inspection-watche.html,350,$200-500,USD,male,accessories,Hodinkee,https://s3.amazonaws.com/assets.svpply.com/large/53898.jpg?1404410153,390
"Manual Coffee Grinder : The Camano Coffee Mill : Red Rooster Trading Company",http://www.redroostertradingcompany.com/coffee.html,75,$50-100,USD,neutral,home,Redroostertradingcompany,https://s3.amazonaws.com/assets.svpply.com/large/119963.jpg?1403986231,85
Fancy,http://www.thefancy.com/,75,$50-100,USD,neutral,tech,Thefancy,https://s3.amazonaws.com/assets.svpply.com/large/1012908.jpg?1404055777,238
"NeighborhoodStudio — Beat It",http://www.neighborhood-studio.com/product/beat-it,10.5,$1-20,USD,neutral,art,Neighborhood-studio,https://s3.amazonaws.com/assets.svpply.com/large/635599.jpg?1366399722,9
"NeighborhoodStudio — Hold Your Horses",http://www.neighborhood-studio.com/product/hold-your-horses,35,$20-50,USD,neutral,art,Neighborhood-studio,https://s3.amazonaws.com/assets.svpply.com/large/901390.jpg?1403689220,21
"College bonnet",http://webstore.scotch-soda.com/fall-winter-2011/college-bonnet.html,35,$20-50,USD,male,accessories,"Scotch & Soda",https://s3.amazonaws.com/assets.svpply.com/large/916428.jpg?1396577525,17
"Biker gloves",http://webstore.scotch-soda.com/fall-winter-2011/biker-gloves.html,75,$50-100,USD,male,accessories,"Scotch & Soda",https://s3.amazonaws.com/assets.svpply.com/large/939639.jpg?1398204289,50
"Scotch & Soda",http://webstore.scotch-soda.com/kleding/10010160022_58-XL.html,100.00,$100.00,USD,male,apparel,"Scotch & Soda",https://s3.amazonaws.com/assets.svpply.com/large/26215.jpg?1389484469,80
"50's style cardigan",http://webstore.scotch-soda.com/fall-winter-2011/50-s-style-cardigan.html,150,$100-200,USD,male,apparel,"Scotch & Soda",https://s3.amazonaws.com/assets.svpply.com/large/759984.jpg?1403488384,261
"Vintage Industrial Electrical Flash Box : Modern50",http://modern50.com/oddities/vintage-industrial-electrical-flash-box/,2750,$500-5000,USD,neutral,home,Modern50,https://s3.amazonaws.com/assets.svpply.com/large/1016689.jpg?1329227654,1
"Vintage Talking Machine Horn Speakers : Modern50",http://modern50.com/objectsart/vintage-talking-machine-horn-speakers/,2750,$500-5000,USD,neutral,other,Modern50,https://s3.amazonaws.com/assets.svpply.com/large/960240.jpg?1404243626,68
"Belfield Early Century Brass Table Gauge : Modern50",http://modern50.com/objectsart/belfield-early-century-brass-table-gauge/,350,$200-500,USD,neutral,home,Modern50,https://s3.amazonaws.com/assets.svpply.com/large/1016684.jpg?1337375450,1
"Old US Army Military Bandage Box : Modern50",http://modern50.com/objectsart/old-us-army-military-bandage-box/,350,$200-500,USD,neutral,home,Modern50,https://s3.amazonaws.com/assets.svpply.com/large/1016682.jpg?1397408184,8
"Laterna Magica - Manufactum",http://www.manufactum.de/Produkt/195260/760161/Laterna-Magica.html,35,$20-50,USD,neutral,other,Manufactum.de,https://s3.amazonaws.com/assets.svpply.com/large/968033.jpg?1376445545,9
"Mountaineer Jacket Polytaffeta Gore-Tex 3L - Silver and Gold Online Store",http://store.silver-and-gold.com/?pid=23288535,350,$200-500,USD,male,apparel,Store.silver-and-gold,https://s3.amazonaws.com/assets.svpply.com/large/171964.jpg?1401810611,113
"POST 27 - life long work week",http://post27store.myshopify.com/products/life-long-work-week,75,$50-100,USD,neutral,other,Post27store.myshopify,https://s3.amazonaws.com/assets.svpply.com/large/70808.jpg?1376056174,47
"Dairymens Cooperative Work Table : Modern 50",http://modern50.com/furniture/dairymens-cooperative-work-table/,2750,$500-5000,USD,neutral,home,Modern50,https://s3.amazonaws.com/assets.svpply.com/large/646330.jpg?1404105986,135
"Vallelunga - White Dial - Autodromo - Instruments for Motoring",http://www.autodromo.com/products/vallelunga-white-dial,350,$200-500,USD,male,accessories,Autodromo,https://s3.amazonaws.com/assets.svpply.com/large/1013926.jpg?1395225655,7
"Brescia - Autodromo - Instruments for Motoring",http://www.autodromo.com/products/brescia,350,$200-500,USD,male,accessories,Autodromo,https://s3.amazonaws.com/assets.svpply.com/large/1016638.jpg?1334715411,2
"Uniform Wares Wrist Watch Grey",http://www.oipolloi.com/store/UniformWares-WristWatchGrey-13110.html,150,$100-200,USD,male,accessories,"Oi Polloi",https://s3.amazonaws.com/assets.svpply.com/large/76336.jpg?1404327880,81
"Borosilicate Glass Water Cooker - Manufactum",http://www.manufactum.com/Produkt/189241/1459252/Borosilicate-Glass-Water-Cooker.html,75,$50-100,USD,neutral,home,Manufactum,https://s3.amazonaws.com/assets.svpply.com/large/985478.jpg?1403738076,151
"NeighborhoodStudio — Will to Survive",http://www.neighborhood-studio.com/product/this-thing,75,$50-100,USD,neutral,media,Neighborhood-studio,https://s3.amazonaws.com/assets.svpply.com/large/324515_978.jpg?1400748675,218
"Gus* - Atwood Sofa",http://2modern.com/modern-furniture/Sofas/Gus-Modern-Atwood-Sofa,2750,$500-5000,USD,neutral,home,2modern,https://s3.amazonaws.com/assets.svpply.com/large/629790.jpg?1399536793,259
"Need Supply Co. / Wolverine / 1000 Mile Boot",http://needsupply.com/1000-mile-boot-10.html,350,$200-500,USD,male,shoes,"Need Supply Co.",https://s3.amazonaws.com/assets.svpply.com/large/1015235.jpg?1403946176,24
"Northfield wool tattersall tie",http://www.jcrew.com/mens_category/tiesandpocketsquares/woolties/PRDOVR~61448/61448.jsp,75,$50-100,USD,male,apparel,J.Crew,https://s3.amazonaws.com/assets.svpply.com/large/1002539.jpg?1339545889,2
"1897 The Sun, The Corona of the Sun in 1893 Original Antique Print",http://www.etsy.com/listing/67409271/1897-the-sun-the-corona-of-the-sun-in,10.5,$1-20,USD,neutral,home,Etsy,https://s3.amazonaws.com/assets.svpply.com/large/290595.jpg?1404241469,170
"Vintage Audubon AMERICAN FLAMINGO Bird Print",http://www.etsy.com/listing/67058075/vintage-audubon-american-flamingo-bird,10.5,$1-20,USD,neutral,art,Etsy,https://s3.amazonaws.com/assets.svpply.com/large/273919.jpg?1398266303,63
"Flying, Shipping and Selling",http://www.20x200.com/art/2010/03/flying-shipping-and-selling.html,35,$20-50,USD,neutral,art,20x200,https://s3.amazonaws.com/assets.svpply.com/large/37055.jpg?1398266334,37
"Vintage selvedge chambray utility shirt",http://www.jcrew.com/mens_category/shirts/utilityshirts/PRDOVR~84018/84018.jsp,75,$50-100,USD,male,apparel,J.Crew,https://s3.amazonaws.com/assets.svpply.com/large/1003773.jpg?1399472009,76
"Rothko Untitled Blue Green and Brown Framed Print | MoMA Store","https://www.momastore.org/museum/moma/ProductDisplay_Rothko Untitled Blue Green and Brown Framed Print_10451_10001_110731_-1_26680_26681_110748",350,$200-500,USD,neutral,art,"MOMA Store",https://s3.amazonaws.com/assets.svpply.com/large/1003480.jpg?1401529925,6
"French Sewing Stool Table",http://www.restorationhardware.com/catalog/product/product.jsp?productId=prod80155,150,$100-200,USD,neutral,home,"Restoration Hardware",https://s3.amazonaws.com/assets.svpply.com/large/803883.jpg?1404443485,6
"WertWerke Betonuhr Klassisch – selekkt.com/shop",http://selekkt.com/shop/moebel-und-wohnen/wertwerke-betonuhr-klassisch.html,150,$100-200,USD,neutral,home,Selekkt,https://s3.amazonaws.com/assets.svpply.com/large/823661.jpg?1400199638,32
"nautical, safari & campaign accessories | vintage leather library wing chair",http://www.parbuckles.com/library-wing-chair?sc=33&category=12528,2750,$500-5000,USD,neutral,home,Parbuckles,https://s3.amazonaws.com/assets.svpply.com/large/494764.jpg?1404628897,193
"Etsy Transaction - vintage mid-century black rand mcnally globe",http://www.etsy.com/transaction/55844528,75,$50-100,USD,neutral,home,Etsy,https://s3.amazonaws.com/assets.svpply.com/large/845877.jpg?1404332539,1571
"French Railroad Cabinet | Bookcases & Storage | Restoration Hardware Baby & Child",http://www.rhbabyandchild.com/catalog/product/product.jsp?productId=rhbc_prod361067&categoryId=rhbc_cat101054,350,$200-500,USD,neutral,home,Rhbabyandchild,https://s3.amazonaws.com/assets.svpply.com/large/762176.jpg?1404504904,849
"sawhorse trestle desk | Desks & Vanities | Restoration Hardware Baby & Child",http://www.rhbabyandchild.com/catalog/product/product.jsp?productId=rhbc_prod218398&categoryId=rhbc_cat186017,2750,$500-5000,USD,neutral,home,Rhbabyandchild,https://s3.amazonaws.com/assets.svpply.com/large/374663.jpg?1404246958,740
"Mini Flatiron Desk | Desks & Vanities | Restoration Hardware Baby & Child",http://www.rhbabyandchild.com/catalog/product/product.jsp?productId=rhbc_prod225177&categoryId=rhbc_cat186017,350,$200-500,USD,neutral,home,Rhbabyandchild,https://s3.amazonaws.com/assets.svpply.com/large/374665.jpg?1404072789,78
"WINE BOTTLE TEA LIGHT HOLDER",http://www.uncommongoods.com/product/wine-bottle-tea-light-holder,75,$50-100,USD,neutral,home,"Uncommon Goods",https://s3.amazonaws.com/assets.svpply.com/large/304686.jpg?1401659897,373
"Rustic Acacia Console",http://www.westelm.com/products/rustic-acacia-console-f997/?pkey=cconsoles-buffet-tables,350,$200-500,USD,neutral,home,"West Elm",https://s3.amazonaws.com/assets.svpply.com/large/402731.jpg?1364059843,20
"District Dining Table",http://www.crateandbarrel.com/furniture/dining-tables/district-dining-table/s150935,2750,$500-5000,USD,neutral,home,"Crate and Barrel",https://s3.amazonaws.com/assets.svpply.com/large/402741.jpg?1393364530,8
"J Shoes: Starting at $34.99",http://www.jackthreads.com/sales/3980,150,$100-200,USD,male,shoes,JackThreads,https://s3.amazonaws.com/assets.svpply.com/large/936763.jpg?1361334213,4
"RK ISC (pre-order) | Rogue Territory",http://www.rogueterritory.com/store/rk/,150,$100-200,USD,male,apparel,Rogueterritory,https://s3.amazonaws.com/assets.svpply.com/large/778599.jpg?1395670345,6
"Grey vintage chambray utility shirt",http://www.jcrew.com/mens_category/shirts/utilityshirts/PRDOVR~17297/17297.jsp,150,$100-200,USD,male,apparel,J.Crew,https://s3.amazonaws.com/assets.svpply.com/large/967146.jpg?1395334217,15
"Comb Cotton Sock - Breton Stripe Navy / White | Oi Polloi",http://www.oipolloi.com/happy-socks-comb-cotton-sock--breton-stripe-navy-or-white,10.5,$1-20,USD,male,accessories,"Oi Polloi",https://s3.amazonaws.com/assets.svpply.com/large/929267.jpg?1400640061,42
"Vintage Machinist's Chest",http://www.etsy.com/listing/84090220/vintage-machinists-chest,75,$50-100,USD,neutral,home,Etsy,https://s3.amazonaws.com/assets.svpply.com/large/939663.jpg?1394652618,9
"ASOS Multi Pocket Jacket",http://www.asos.com/ASOS/ASOS-Multi-Pocket-Jacket/Prod/pgeproduct.aspx?iid=1778280,150,$100-200,USD,male,apparel,Asos,https://s3.amazonaws.com/assets.svpply.com/large/971143.jpg?1396715390,92
"Wolverine Mayall Boot",http://uncrate.com/stuff/wolverine-mayall-boot/,350,$200-500,USD,male,apparel,Uncrate,https://s3.amazonaws.com/assets.svpply.com/large/792323.jpg?1387516793,14
convoy,http://convoy.tumblr.com/post/10580303688,10.5,$1-20,USD,neutral,accessories,Convoy.tumblr,https://s3.amazonaws.com/assets.svpply.com/large/827818.jpg?1404655643,146
"KILLSPENCER - HISTORICAL RESERVE: Korean War Era Weekender",http://killspencer.com/products/historical_reserve/HR_KW_W.php,2750,$500-5000,USD,neutral,accessories,Killspencer,https://s3.amazonaws.com/assets.svpply.com/large/5153.jpg?1385313027,13
"leather driving gloves - Google Search",http://www.google.com/search?q=leather+driving+gloves&ie=utf-8&oe=utf-8&aq=t&rls=org.mozilla:en-US:official&client=firefox-a#q=leather+driving+gloves&hl=en&client=firefox-a&hs=Eol&rls=org.mozilla:en-US:official&tbm=shop&prmd=imvns&ei=tuF4TqXFBMrq0gG01ezoD,75,$50-100,USD,neutral,apparel,Google,https://s3.amazonaws.com/assets.svpply.com/large/814571.jpg?1403837750,109
"L.L.Bean Signature: Men's Sweaters & Sweatshirts",http://www.llbean.com/llbeansignature/llb/shop/505935?page=sweaters-sweatshirts&subrnd=1&nav=sigsn-20,75,$50-100,USD,male,apparel,"L.L. Bean",https://s3.amazonaws.com/assets.svpply.com/large/900893.jpg?1391578569,1
"LINOCUT PRINT - Radiohead BLACK letterpress typography poster 8x10 everything in its right place",http://www.etsy.com/listing/60203206/print-everything-in-its-right-place,22.00,$22.00,USD,neutral,art,Etsy,https://s3.amazonaws.com/assets.svpply.com/large/694490.jpg?1398259435,115
"Night Sky Map | Wall Art | Restoration Hardware Baby & Child",http://www.rhbabyandchild.com/catalog/product/product.jsp?productId=rhbc_prod241259&categoryId=rhbc_cat102124,219.00,$219.00,USD,neutral,art,Rhbabyandchild,https://s3.amazonaws.com/assets.svpply.com/large/639659.jpg?1404486657,1990
"Buckley herringbone sportcoat in Ludlow fit",http://www.jcrew.com/mens_feature/NewArrivals/sportcoatsandvests/PRDOVR~47915/47915.jsp,350,$200-500,USD,male,apparel,J.Crew,https://s3.amazonaws.com/assets.svpply.com/large/931437.jpg?1382826122,15
"Need Supply Co. / Norse Projects / Os Ls Henley",http://needsupply.com/mens/new-items/os-ls-henley.html,75,$50-100,USD,male,apparel,"Need Supply Co.",https://s3.amazonaws.com/assets.svpply.com/large/935528.jpg?1384388016,6
"Mougin & Piquard for J.Crew grande seconde watch in cream",http://www.jcrew.com/mens_category/accessories/necessaryluxuries/PRDOVR~73045/99102643443/ENE~1+2+3+22+4294967294+20~~~0~15~all~mode+matchallany~~~~~watch/73045.jsp,425.00,$425.00,USD,male,accessories,J.Crew,https://s3.amazonaws.com/assets.svpply.com/large/935796.jpg?1403291178,328
"4 Pc Black Lead-Free Crystal Blind Wine Tasting Glass Set - Ravenscroft",http://www.ivgstores.com/IVG2/Y/ProductID-102122-.htm,75,$50-100,USD,neutral,home,Ivgstores,https://s3.amazonaws.com/assets.svpply.com/large/646865.jpg?1404448193,566
"Need Supply Co. / Shades of Grey / Naval Winter Sweater",http://needsupply.com/mens/tops/sweaters/naval-winter-sweater.html,150,$100-200,USD,male,apparel,"Need Supply Co.",https://s3.amazonaws.com/assets.svpply.com/large/938812.jpg?1402413719,24
"Trad Stripe - Navy/Red (Bow Ties) BowTie",http://www.thetiebar.com/order_page_bowTies.asp?pn=B396&orderPageReturn=wishlist%2Easp&pg=1&i=129&xlOnly=&boysTiesOnly=,10.5,$1-20,USD,male,accessories,Thetiebar,https://s3.amazonaws.com/assets.svpply.com/large/215260.jpg?1403507489,152
"Pullman Gallery - Louis Vuitton - Louis Vuitton 'Square-mouth' Gladstone Bag.",http://pullmangallery.1stdibs.com/store/furniture_item_detail.php?id=324871,2750,$500-5000,USD,male,accessories,Pullmangallery.1stdibs,https://s3.amazonaws.com/assets.svpply.com/large/160573.jpg?1400861041,243
"contact stool",http://www.cb2.com/dining-chairs-barstools/furniture/contact-stool/f5572,75,$50-100,USD,neutral,home,CB2,https://s3.amazonaws.com/assets.svpply.com/large/504374.jpg?1403341837,215
"Stanton pant in classic fit",http://www.jcrew.com/mens_category/pants/stantonpants/PRDOVR~23895/23895.jsp,75,$50-100,USD,male,apparel,J.Crew,https://s3.amazonaws.com/assets.svpply.com/large/929287.jpg?1403472380,136
"Oxford shirt in Glendon plaid",http://www.jcrew.com/browse/single_product_detail.jsp?PRODUCT<>prd_id=845524441818280&FOLDER;<>folder_id=2534374302037732&nav_type=PRMNAV&bmUID=1318968923957,75,$50-100,USD,male,apparel,J.Crew,https://s3.amazonaws.com/assets.svpply.com/large/901848.jpg?1400554043,15
"Cashmere plaid scarf",http://www.jcrew.com/mens_category/accessories/seasonal/PRDOVR~54175/54175.jsp,75,$50-100,USD,male,accessories,J.Crew,https://s3.amazonaws.com/assets.svpply.com/large/902948.jpg?1403437965,148
"baxter of california - 45th anniversary straight razor",http://www.unionmadegoods.com/baxter_of_california_45th_anniversary_straight_razor_205.html,350,$200-500,USD,neutral,other,"Unionmade Goods",https://s3.amazonaws.com/assets.svpply.com/large/85420.jpg?1403972234,43
"Donegal wool sweater",http://www.jcrew.com/mens_category/sweaters/woolblends/PRDOVR~50364/50364.jsp,75,$50-100,USD,male,apparel,J.Crew,https://s3.amazonaws.com/assets.svpply.com/large/831931.jpg?1403875864,202
"Desert Boot Olive Leather",http://needsupply.com/mens/new-items/desert-boot-olive-leather.html,150,$100-200,USD,male,shoes,"Need Supply Co.",https://s3.amazonaws.com/assets.svpply.com/large/822742.jpg?1400365283,9
"Braun electrical - Audio - Braun RT 20",http://www.dasprogramm.org/electrical/audio/braun-tr-20.html,350,$200-500,USD,neutral,media,Dasprogramm,https://s3.amazonaws.com/assets.svpply.com/large/686328.jpg?1394434301,161
"ComEuro.Net :: AUDIO :: HiFi Systems :: RECORD PLAYER :: PRO JECT Debut III Record Player - matte black",http://www.comeuro.net/webshop/product.php?productid=72879,350,$200-500,USD,neutral,media,Comeuro,https://s3.amazonaws.com/assets.svpply.com/large/314932.jpg?1403674942,46
"As Little Design As Possible (Pre-order) | Design | Phaidon Store",http://www.phaidon.co.uk/store/design/as-little-design-as-possible-9780714849188/,75,$50-100,USD,neutral,media,Phaidon,https://s3.amazonaws.com/assets.svpply.com/large/558016.jpg?1352752689,7
"Secret Wash button-down shirt in medium gingham",http://www.jcrew.com/mens_category/shirts/washedfavoriteshirts/PRDOVR~12447/12447.jsp,75,$50-100,USD,male,apparel,J.Crew,https://s3.amazonaws.com/assets.svpply.com/large/800908.jpg?1401162832,33
"Colburn tweed sportcoat in Ludlow fit",http://www.jcrew.com/mens_feature/NewArrivals/sportcoatsandvests/PRDOVR~17972/17972.jsp,350,$200-500,USD,male,apparel,J.Crew,https://s3.amazonaws.com/assets.svpply.com/large/790970.jpg?1386189595,14
"Sterling-silver tie clip",http://www.jcrew.com/mens_category/accessories/necessaryluxuries/PRDOVR~88041/88041.jsp,75,$50-100,USD,male,accessories,J.Crew,https://s3.amazonaws.com/assets.svpply.com/large/791740.jpg?1398281260,26
"Bertelli • Biciclette Assemblate • New York City • Domenica",http://www.bertellibici.com/product.php?works_id=112,2750,$500-5000,USD,neutral,other,Bertellibici,https://s3.amazonaws.com/assets.svpply.com/large/466594.jpg?1404313307,320
"Grace Rug",http://www.dwr.com/product/living/floors/large/grace-rug-8-x-10.do?sortby=ourPicks,2750,$500-5000,USD,neutral,home,"Design Within Reach",https://s3.amazonaws.com/assets.svpply.com/large/48845.jpg?1400068271,87
"caina.jp / Lbtd / The table of 88 constellations 2011",https://www.caina.jp/commodity_detail/87387558,35,$20-50,USD,neutral,home,Caina.jp,https://s3.amazonaws.com/assets.svpply.com/large/234199.jpg?1402123891,102
"Chippewa® for J.Crew plain-toe boots",http://www.jcrew.com/mens_feature/NewArrivals/shoes/PRDOVR~54388/54388.jsp,150,$100-200,USD,male,apparel,J.Crew,https://s3.amazonaws.com/assets.svpply.com/large/784855.jpg?1392420437,12
"Mackintosh® Duncan coat in birch",http://www.jcrew.com/mens_feature/theliquorstore/sportcoatsvestsandouterwear/PRDOVR~12839/99101678029/ENE~1+2+3+22+4294967294+20~~~16~15~all~mode+matchallany~~~~~mackintosh/12839.jsp,2750,$500-5000,USD,male,apparel,J.Crew,https://s3.amazonaws.com/assets.svpply.com/large/784919.jpg?1389544661,5
"JOHN LOBB WING TIP LEATHER BROGUES",http://www.mrporter.com/product/301184,2750,$500-5000,USD,male,shoes,"MR PORTER",https://s3.amazonaws.com/assets.svpply.com/large/373347_372.jpg?1401047131,133
"Harris tweed sportcoat in Ludlow fit",http://www.jcrew.com/mens_feature/NewArrivals/PRD~50401/50401.jsp,2750,$500-5000,USD,male,apparel,J.Crew,https://s3.amazonaws.com/assets.svpply.com/large/785567.jpg?1398667287,7
"Need Supply Co. / Uniform Wares / 200 Series PVD Black/Black",http://needsupply.com/mens/accessories/200-series-pvd-black-blk.html,350,$200-500,USD,male,accessories,"Need Supply Co.",https://s3.amazonaws.com/assets.svpply.com/large/786320.jpg?1387640410,23
"Need Supply Co. / Uniform Wares / Black Black Watch",http://needsupply.com/mens/accessories/watches/black-black-watch.html,2750,$500-5000,USD,male,accessories,"Need Supply Co.",https://s3.amazonaws.com/assets.svpply.com/large/787658.jpg?1401418989,102
"St. Tropez® Duvet Covers & Shams | The Company Store","http://www.thecompanystore.com/St.-Tropez®-Comforter-Covers-/-Duvet-Covers-and-Shams/dr15-ps-r11,default,pd.html?start=1&cgid=cs-duvet-covers-solid",75,$50-100,USD,neutral,home,Thecompanystore,https://s3.amazonaws.com/assets.svpply.com/large/789366.jpg?1404623131,166
"Heavyweight Outfitter Jacket",http://www.filson.com/products/heavyweight-outfitter-jacket.10030.html,350,$200-500,USD,male,apparel,Filson,https://s3.amazonaws.com/assets.svpply.com/large/778916.jpg?1376264327,13
"Jackson-stripe tie",http://www.jcrew.com/mens_feature/NewArrivals/tiespocketsquares/PRDOVR~51361/51361.jsp,75,$50-100,USD,male,accessories,J.Crew,https://s3.amazonaws.com/assets.svpply.com/large/772587.jpg?1362820828,9
"Suede wing tips",http://www.jcrew.com/mens_category/shoes/oxfords/PRDOVR~19575/19575.jsp,150,$100-200,USD,male,shoes,J.Crew,https://s3.amazonaws.com/assets.svpply.com/large/780388.jpg?1382937795,5
"Need Supply Co. / Sperry / Chukka Leather And Wool",http://needsupply.com/mens/chukka-leather-and-wool.html,150,$100-200,USD,male,shoes,"Need Supply Co.",https://s3.amazonaws.com/assets.svpply.com/large/780661.jpg?1392260689,8
"Harvest herringbone vest",http://www.jcrew.com/mens_feature/NewArrivals/sportcoatsandvests/PRDOVR~30945/30945.jsp,150,$100-200,USD,male,apparel,J.Crew,https://s3.amazonaws.com/assets.svpply.com/large/718720.jpg?1404248804,17
"SeaVees Volunteer Plimsoll Sneakers",http://www.parkandbond.com/product/92550833,54.00,$54.00,USD,male,shoes,"Park and Bond",https://s3.amazonaws.com/assets.svpply.com/large/721822.jpg?1404355875,156
"Need Supply Co. / Uniform Wares / 100 Series Dark Brown",http://needsupply.com/mens/accessories/100-series-dark-brown.html,150,$100-200,USD,male,accessories,"Need Supply Co.",https://s3.amazonaws.com/assets.svpply.com/large/723345.jpg?1358383187,14
"Classic grey wool tie",http://www.jcrew.com/browse/single_product_detail.jsp?GENERIC<>edit_product_flag=true&FOLDER;<>folder_id=2534374302023785&PRODUCT;<>prd_id=845524441812791&remove_cart_index=2&nav_type=PRMNAV&bmForm=persistent_shopping_cart&bmFormID=1313986581558&bmSubmit=,75,$50-100,USD,male,accessories,J.Crew,https://s3.amazonaws.com/assets.svpply.com/large/727679.jpg?1375819271,6
"Heuer Triple Date Chronograph",http://jewelry.1stdibs.com/jewelry_item_detail.php?id=28322,2750,$500-5000,USD,male,accessories,1stdibs,https://s3.amazonaws.com/assets.svpply.com/large/728721.jpg?1402251843,244
"Slim vintage chambray utility shirt",http://www.jcrew.com/mens_special_sizes/slim/PRDOVR~43683/43683.jsp,150,$100-200,USD,male,apparel,J.Crew,https://s3.amazonaws.com/assets.svpply.com/large/732942.jpg?1329227654,6
"Shetland Crew In Brown",http://needsupply.com/mens/tops/shetland-crew-2.html,75,$50-100,USD,male,apparel,"Need Supply Co.",https://s3.amazonaws.com/assets.svpply.com/large/735383.jpg?1402084671,166
"The Horse",http://thehorse.cart.net.au/store/HENRY+-+Tan.html,150,$100-200,USD,male,shoes,Thehorse.cart.au,https://s3.amazonaws.com/assets.svpply.com/large/736970.jpg?1403988501,242
"CRKT Razel Folding Knives (Ram Horn Handle)",http://www.crkt.com/Graham-Stubby-Folding-Razel-Ram-Horn-Handle-Razor-Sharp-Edge,35,$20-50,USD,neutral,accessories,Crkt,https://s3.amazonaws.com/assets.svpply.com/large/620669.jpg?1398632871,46
"John Beck Steel Light One Pendant Lamps",http://www.bobbyberkhome.com/product/pendant-lamps/10328-19654/john-beck-steel-light-one.html,150,$100-200,USD,neutral,home,"Bobby Berk Home",https://s3.amazonaws.com/assets.svpply.com/large/224926.jpg?1374426524,4
"Vers Audio Vers 2x Sound System Gifts Over $100",http://www.bobbyberkhome.com/product/home-electronics/10328-16072/vers-audio-vers-2x-sound-system.html,150,$100-200,USD,neutral,tech,"Bobby Berk Home",https://s3.amazonaws.com/assets.svpply.com/large/205029.jpg?1364673454,3
"John Beck Steel Peter Light Pendant Lamps",http://www.bobbyberkhome.com/product/pendant-lamps/10328-19670/john-beck-steel-peter-light.html,150,$100-200,USD,neutral,home,"Bobby Berk Home",https://s3.amazonaws.com/assets.svpply.com/large/224923.jpg?1379809017,7
"Design House Stockholm Work Lamp Gold Pendant Lamps",http://www.bobbyberkhome.com/product//10328-35995/design-house-stockholm-work-lamp-gold.html,150,$100-200,USD,neutral,home,"Bobby Berk Home",https://s3.amazonaws.com/assets.svpply.com/large/224921.jpg?1400650269,27
"Bholu Nimboo Orange & Cream Wool Pillows",http://www.bobbyberkhome.com/product/wool-pillows/10328-30512/bholu-nimboo-orange-cream.html,150,$100-200,USD,neutral,home,"Bobby Berk Home",https://s3.amazonaws.com/assets.svpply.com/large/225576.jpg?1388297224,10
"Singgih Kartono Klock-01 Table Top Clocks",http://www.bobbyberkhome.com/product/whats-new-/10328-37940/singgih-kartono-klock-01.html,75,$50-100,USD,neutral,home,"Bobby Berk Home",https://s3.amazonaws.com/assets.svpply.com/large/248659.jpg?1367978066,2
"Lot 61 Retro Console Side + Coffee + Console",http://www.bobbyberkhome.com/product/media-centers/10328-36162/lot-61-retro-console.html,2750,$500-5000,USD,neutral,home,"Bobby Berk Home",https://s3.amazonaws.com/assets.svpply.com/large/427937.jpg?1362428953,6
"Desu Design Symbol Coat Rack Aluminum Hooks & Racks",http://www.bobbyberkhome.com/product/hooks-racks/10328-36350/desu-design-symbol-coat-rack-aluminum.html,350,$200-500,USD,neutral,home,"Bobby Berk Home",https://s3.amazonaws.com/assets.svpply.com/large/271693.jpg?1393945222,7
"Gus Modern Spencer Sofa and Chair Sofas",http://www.bobbyberkhome.com/product/seating/10328-3669/gus*,2750,$500-5000,USD,neutral,home,"Bobby Berk Home",https://s3.amazonaws.com/assets.svpply.com/large/299472.jpg?1329227654,2
"Lot 61 Wine Armorie Wine",http://www.bobbyberkhome.com/product/storage/10328-36172/lot-61-wine-armorie.html,2750,$500-5000,USD,neutral,home,"Bobby Berk Home",https://s3.amazonaws.com/assets.svpply.com/large/305445.jpg?1380695458,6
"Lot 61 Lola Credenza Side + Coffee + Console",http://www.bobbyberkhome.com/product/side-coffee-console/10328-36173/lot-61-lola-credenza.html,2750,$500-5000,USD,neutral,home,"Bobby Berk Home",https://s3.amazonaws.com/assets.svpply.com/large/315831.jpg?1400076861,36
"Gus Modern Spencer Sofa and Chair Sofas",http://www.bobbyberkhome.com/product/sofas/10328-3669/gus-modern-spencer-sofa-and-chair.html,2750,$500-5000,USD,neutral,home,"Bobby Berk Home",https://s3.amazonaws.com/assets.svpply.com/large/462115.jpg?1375225970,5
"Thomas Paul Octopus Throw in Indigo Blankets & Throws",http://www.bobbyberkhome.com/product/blankets-throws/10328-35374/thomas-paul-octopus-throw-in-indigo.html,350,$200-500,USD,neutral,home,"Bobby Berk Home",https://s3.amazonaws.com/assets.svpply.com/large/698355.jpg?1379789498,5
"Gus Modern Atwood Sofa and Chair Sofas",http://www.bobbyberkhome.com/product/sofas/10328-41097/gus-modern-atwood-sofa-and-chair.html,2750,$500-5000,USD,neutral,home,"Bobby Berk Home",https://s3.amazonaws.com/assets.svpply.com/large/698308.jpg?1402265008,10
"Gus Modern Jane Bi-Sectional Sectionals","http://www.bobbyberkhome.com/product/sectionals/10328-18427/jane-bi-sectional.html#color=Lato Ash",2750,$500-5000,USD,neutral,home,"Bobby Berk Home",https://s3.amazonaws.com/assets.svpply.com/large/698405.jpg?1402343282,17
"...:::[ moto-matic mopeds - custom peds ]:::...",http://www.motomaticmopeds.com/peds.html,2750,$500-5000,USD,neutral,art,Motomaticmopeds,https://s3.amazonaws.com/assets.svpply.com/large/618697.jpg?1397833169,35
"...:::[ moto-matic mopeds - custom peds ]:::...",http://www.motomaticmopeds.com/peds.html,2750,$500-5000,USD,neutral,other,Motomaticmopeds,https://s3.amazonaws.com/assets.svpply.com/large/624198.jpg?1404172985,652
"Big Ben Alarm Clock - Vintage 1920's",http://www.etsy.com/listing/64589564/big-ben-alarm-clock-vintage-1920s?ref=hp_tt_yt,35,$20-50,USD,neutral,home,Etsy,https://s3.amazonaws.com/assets.svpply.com/large/590370.jpg?1394445615,38
"Reserved for LadyMeg: Vintage CURSIVE Adler Contessa Bright Orange Manual Typewriter",http://www.etsy.com/listing/69152377/vintage-cursive-adler-contessa-bright?ref=hp_tt_yt,350,$200-500,USD,neutral,tech,Etsy,https://s3.amazonaws.com/assets.svpply.com/large/590368.jpg?1402166032,46
"Vintage General Electric Desk Fan - Works",http://www.etsy.com/listing/75372830/vintage-general-electric-desk-fan-works?ref=hp_tt_yt,35,$20-50,USD,neutral,home,Etsy,https://s3.amazonaws.com/assets.svpply.com/large/590377.jpg?1403168602,111
"NeedSupply.com / Vans / Chukka Deconstructed",http://needsupply.com/mens/new-items/chukka-deconstructed.html,75,$50-100,USD,male,shoes,"Need Supply Co.",https://s3.amazonaws.com/assets.svpply.com/large/591325.jpg?1363602568,13
"Fulton 56"" Media Console",http://www.crateandbarrel.com/furniture/living-room-storage/fulton-56%22-media-console/s506063,2750,$500-5000,USD,neutral,home,"Crate and Barrel",https://s3.amazonaws.com/assets.svpply.com/large/138589.jpg?1404168732,118
"SUPER PEOPLE BLACK / UNI HORN / BLACK",http://www.flatspot.com/products/super-people-sunglasses-black-uni-horn-black,150,$100-200,USD,neutral,accessories,Flatspot,https://s3.amazonaws.com/assets.svpply.com/large/566732.jpg?1402423116,228
"Hugh & Crye",http://www.hughandcrye.com/products,75,$50-100,USD,male,accessories,Hughandcrye,https://s3.amazonaws.com/assets.svpply.com/large/382973.jpg?1339545889,41
"Alessi Watch Out Time 13001 White & Brown - Fitzsu Society",http://www.fitzsu.com/,150,$100-200,USD,male,accessories,Fitzsu,https://s3.amazonaws.com/assets.svpply.com/large/11768.jpg?1392728982,48
"swissmiss | MIH Watch",http://www.swiss-miss.com/2010/02/mih-watch.html,2750,$500-5000,USD,male,accessories,Swiss-miss,https://s3.amazonaws.com/assets.svpply.com/large/24562.jpg?1402141139,57
"Leica announces D-Lux 30 superzoom compact: Digital Photography Review",http://www.dpreview.com/news/1105/11052605leicavlux30.asp,2750,$500-5000,USD,neutral,tech,Dpreview,https://s3.amazonaws.com/assets.svpply.com/large/546459.jpg?1384712306,44
"WILL LEATHER GOODS / Camera Bag",http://willleathergoods.com/shop/bags/camera-bag/,150,$100-200,USD,male,accessories,Willleathergoods,https://s3.amazonaws.com/assets.svpply.com/large/498379.jpg?1404181969,65
"Oliver Jeffers Shop",http://www.oliverjeffers.com/shop/other3.html,150,$100-200,USD,neutral,art,Oliverjeffers,https://s3.amazonaws.com/assets.svpply.com/large/449764.jpg?1393717874,6
"Classic Tin Cup",http://www.jacobbromwell.com/tincup,35,$20-50,USD,neutral,home,Jacobbromwell,https://s3.amazonaws.com/assets.svpply.com/large/536465.jpg?1396069793,163
"Antique Jam Cupboard, 19th Century American Kitchen Jelly Cabinet",http://www.etsy.com/listing/73823217/antique-19th-century-american-jelly-jam,1100.00,"$1,100.00",USD,neutral,home,Etsy,https://s3.amazonaws.com/assets.svpply.com/large/536230.jpg?1394161821,93
"quirky - Mirage Expandable Wine Rack",http://www.quirky.com/products/120-Mirage-Wine-Rack,35,$20-50,USD,neutral,home,Quirky,https://s3.amazonaws.com/assets.svpply.com/large/533256.jpg?1404128985,365
"America in Space: Nasa's First Fifty Years",http://amazon.com/dp/0810993732/?tag=svpply01-20,38.50,$38.50,USD,neutral,media,Amazon,https://s3.amazonaws.com/assets.svpply.com/large/534344.jpg?1402974412,170
"Woodland Slumber Canopy Bed ",http://www.anthropologie.com/anthro/catalog/productdetail.jsp?id=20285250&catId=HOME-NEW&pushId=HOME-NEW&popId=HOME&navAction=top&navCount=42&color=015&isProduct=true&fromCategoryPage=true&isSubcategory=true&subCategoryId=HOME-NEW-DECORROOM&templateType=s,2750,$500-5000,USD,neutral,home,Anthropologie,https://s3.amazonaws.com/assets.svpply.com/large/531284.jpg?1400286618,38
"Hammerpress | No Whining Art Print",http://hammerpress.net/collections/letterpress-art-prints/products/ap039,10.5,$1-20,USD,neutral,art,Hammerpress,https://s3.amazonaws.com/assets.svpply.com/large/533212.jpg?1403678531,367
"Z Boots",http://www.etsy.com/listing/34387086/z-boots?ref=cat3_gallery_5,150,$100-200,USD,male,shoes,Etsy,https://s3.amazonaws.com/assets.svpply.com/large/516678.jpg?1398411892,68
"Fracap : Monkey Boot (Beige)",http://www.oipolloi.com/Store/OiPolloi-DII-3040-185-fracap+.html,150,$100-200,USD,male,shoes,"Oi Polloi",https://s3.amazonaws.com/assets.svpply.com/large/520692.jpg?1401191361,44
"Men's Accessories - Men's Hats, Socks, Belts, Men's Sunglasses, Bags, Ties & Boxers - J.Crew",http://www.jcrew.com/mens_category/accessories.jsp?iNextCategory=-1,75,$50-100,USD,neutral,accessories,J.Crew,https://s3.amazonaws.com/assets.svpply.com/large/523557.jpg?1369510338,3
"Plaited pullover sweater",http://www.jcrew.com/mens_feature/NewArrivals/sweaters/PRDOVR~49181/49181.jsp,75,$50-100,USD,male,apparel,J.Crew,https://s3.amazonaws.com/assets.svpply.com/large/518071.jpg?1398700226,57
"NeedSupply.com / Comune / Kelly Graphite Denim",http://needsupply.com/mens/new-items/kelly-graphite.html,75,$50-100,USD,male,apparel,"Need Supply Co.",https://s3.amazonaws.com/assets.svpply.com/large/494005.jpg?1357209165,4
"HERSCHEL VILLAGE BAG BLACK",http://www.flatspot.com/products/herschel-village-bag-black,150,$100-200,USD,neutral,accessories,Flatspot,https://s3.amazonaws.com/assets.svpply.com/large/419206.jpg?1396231733,7
"Let's Do This Letterpress Print 11x14 Black",http://www.etsy.com/listing/59995998/lets-do-this-letterpress-print-11x14,23.00,$23.00,USD,neutral,art,Etsy,https://s3.amazonaws.com/assets.svpply.com/large/420886.jpg?1394316025,78
"BAFTA 2011 Film Brochure and Ticket Illustrations","http://www.bafta.org/awards/film/illustrations,1634,BA.html",75,$50-100,USD,neutral,media,Bafta,https://s3.amazonaws.com/assets.svpply.com/large/339759.jpg?1400068472,51
"Salt Valley Vintage Plaid Western Shirt","http://www.urbanoutfitters.com/urban/catalog/productdetail.jsp?itemdescription=true&itemCount=80&id=18201178&parentid=M_APP_BUTTONDOWNSHIRTS&sortProperties=+subCategoryPosition,+product.marketingPriority&navCount=336&navAction=poppushpush&color=060&popId=",35,$20-50,USD,male,apparel,"Urban Outfitters",https://s3.amazonaws.com/assets.svpply.com/large/167606.jpg?1404363005,5
"Suede bucks",http://www.jcrew.com/mens_category/shoes/oxfords/PRDOVR~37838/37838.jsp,150,$100-200,USD,male,shoes,J.Crew,https://s3.amazonaws.com/assets.svpply.com/large/312081.jpg?1367437728,3
"Mills Bed",http://bddw.com/furniture/bed/mills.html,2750,$500-5000,USD,neutral,home,Bddw,https://s3.amazonaws.com/assets.svpply.com/large/28057.jpg?1403211445,99
"Chalkboard Globe",http://www.michelevarian.com/IBS/SimpleCat/Product/asp/hierarchy/09/product-id/37013470.html,350,$200-500,USD,neutral,home,Michelevarian,https://s3.amazonaws.com/assets.svpply.com/large/35947.jpg?1401880753,399
"Book Hook",http://www.connox.de/kategorien/accessoires/buero-accessoires/book-hook.html#,35,$20-50,USD,neutral,home,Connox.de,https://s3.amazonaws.com/assets.svpply.com/large/29860.jpg?1404068665,1263
"INVENTORY NYC - Flash Tee - WHITE",http://www.inventorynyc.com/saturdays-surf-nyc/134-flash-tee-white.html,35,$20-50,USD,male,apparel,Inventorynyc,https://s3.amazonaws.com/assets.svpply.com/large/41361.jpg?1402647477,50
"The Boxee Box by D-Link HD Streaming Media Player",http://www.amazon.com/D-Link-DSM-380-Boxee-Box-by/dp/B0038JE07O/?tag=svpply01-20,179.99,$179.99,USD,neutral,tech,Amazon,https://s3.amazonaws.com/assets.svpply.com/large/69813.jpg?1397353648,160
"Large Celestial Star Chart",http://agentgallerychicago.com/catalog/2/large-celestial-star-chart,350,$200-500,USD,neutral,home,"Agent Gallery Chicago",https://s3.amazonaws.com/assets.svpply.com/large/93960.jpg?1403846138,256
"TGS | Mug with Wooden Handle - Ceramic - By Material",http://www.tortoisegeneralstore.com/online_store/index.php/by-material/ceramic/mug-with-wooden-handle.html,75,$50-100,USD,neutral,home,Tortoisegeneralstore,https://s3.amazonaws.com/assets.svpply.com/large/187175.jpg?1399538762,198
"Heritage Research Modified Longline Parka",http://caliroots.com/c-store/product.asp?id=24739,350,$200-500,USD,male,apparel,Caliroots,https://s3.amazonaws.com/assets.svpply.com/large/188338.jpg?1402284104,258
"zuriick collection — MENS LEATHER SOLE",http://www.zuriick.com/product/damien-black-m,150,$100-200,USD,male,shoes,Zuriick,https://s3.amazonaws.com/assets.svpply.com/large/218339_651.jpg?1403946149,320
"New Arrivals",http://www.contextclothing.com/new_arrivals.php,2750,$500-5000,USD,male,apparel,"Context Clothing",https://s3.amazonaws.com/assets.svpply.com/large/26077.jpg?1396900566,132
"ASOS Tailoring | ASOS Merino Shawl Collar Cardigan at ASOS","http://www.asos.com/Asos-Tailoring/Asos-Merino-Shawl-Collar-Cardigan/Prod/pgeproduct.aspx?iid=673092&SearchQuery=shawl%20collar&Rf-700=1001&Rf-800=-1,44.355&sh=0&pge=0&pgesize=20&sort=3&clr=Black",35,$20-50,USD,male,apparel,Asos,https://s3.amazonaws.com/assets.svpply.com/large/32193.jpg?1391841683,11
"Ceramic Speakers designed by Joey Roth - simple, modern full range drivers for desktop or entire room | Joey Roth",http://joeyroth.com/ceramic-speakers/,350,$200-500,USD,neutral,tech,"Joey Roth",https://s3.amazonaws.com/assets.svpply.com/large/29927.jpg?1404661092,623
"New Arrivals",http://www.contextclothing.com/new_arrivals.php,2750,$500-5000,USD,male,apparel,"Context Clothing",https://s3.amazonaws.com/assets.svpply.com/large/104469.jpg?1400980082,51
"Water Repellent Double Breasted Jacket",http://www.johnvarvatos.com/Water_Repellent_Double_Breasted_Jacket/pd/np/13/p/2398.html,350,$200-500,USD,male,apparel,"John Varvatos",https://s3.amazonaws.com/assets.svpply.com/large/216000.jpg?1404605008,74
"Timex Quartz Camper Watch - Olive Drab",http://amazon.com/dp/B0000TQMTO/?tag=svpply01-20,35,$20-50,USD,neutral,accessories,Amazon,https://s3.amazonaws.com/assets.svpply.com/large/30015.jpg?1386129193,12
"Catena Wall Clock By Andreas Dober",http://www.unicahome.com/catalog/item.asp?id=47558,2750,$500-5000,USD,neutral,home,"Unica Home",https://s3.amazonaws.com/assets.svpply.com/large/7792.jpg?1403429034,216
"Men's Quoddy® bluchers",http://www.jcrew.com/mens_feature/ingoodcompany/Quoddy/PRDOVR~30841/30841.jsp,350,$200-500,USD,male,tech,J.Crew,https://s3.amazonaws.com/assets.svpply.com/large/225683.jpg?1352770429,34
"Italian Leather and German Metal | David Gensler",http://davidgensler.com/?p=481,150,$100-200,USD,neutral,tech,Davidgensler,https://s3.amazonaws.com/assets.svpply.com/large/209380.jpg?1397596540,290
"Bau Pendant Small Normann Copenhagen Pendelleuchte Mobile Kinder",http://www.adero.de/produkte/Normann-Copenhagen-Bau-Pendant-Small-Vibeke-Fonnesberg-Schmidt.html,350,$200-500,USD,neutral,home,Adero.de,https://s3.amazonaws.com/assets.svpply.com/large/204822.jpg?1397752876,66
"Everything is gonna be alright 13x19 - vintage collection",http://www.etsy.com/listing/62805131/everything-is-gonna-be-allright-13x19,35.00,$35.00,USD,neutral,home,Etsy,https://s3.amazonaws.com/assets.svpply.com/large/204857.jpg?1404428194,310
"Barbour Wax Cotton & Leather Bags & Luggage",http://www.lindaclifford.com/Bags.html,150,$100-200,USD,male,accessories,Lindaclifford,https://s3.amazonaws.com/assets.svpply.com/large/23682.jpg?1379423424,8
"STITCHDOWN GREY | Men's mid-cut Desert boot in grey Kudu leather",http://www.feitdirect.com/shop/products/STITCHDOWN-GREY.html,350,$200-500,USD,male,shoes,Feitdirect,https://s3.amazonaws.com/assets.svpply.com/large/194811.jpg?1404088000,128
"Rigid 510 Super Skinny",http://needsupply.com/mens/denim/rigid-510-super-skinny.html,75,$50-100,USD,male,apparel,"Need Supply Co.",https://s3.amazonaws.com/assets.svpply.com/large/200925.jpg?1389484603,9
"Cotton-cashmere full-zip hoodie",http://www.jcrew.com/mens_category/sweaters/cottoncashmere/PRDOVR~31783/31783.jsp,75,$50-100,USD,male,apparel,J.Crew,https://s3.amazonaws.com/assets.svpply.com/large/201056.jpg?1378634123,10
"The Mid-Century Modernist: Braun SK 6 by Dieter Rams",http://www.midcenturymodernist.com/2009/09/braun-sk-6-by-dieter-rams.html,2750,$500-5000,USD,neutral,tech,Www.midcenturymodernist,https://s3.amazonaws.com/assets.svpply.com/large/3100.jpg?1404575268,606
"ASOS Military Watch",http://us.asos.com/Asos-Collection/Asos-Military-Watch/Prod/pgeproduct.aspx?iid=1277378&SearchQuery=military%20watch&sh=0&pge=0&pgesize=20&sort=-1&clr=Black&xr=1&mk=B1&r=3,35,$20-50,USD,male,accessories,Asos,https://s3.amazonaws.com/assets.svpply.com/large/135961.jpg?1397938154,87
"Converse CT Sweatshirt Hi - 1U452 - Sneakersnstuff, sneakers & streetwear online since 1999",http://www.sneakersnstuff.com/system/search/product.asp?id=11080,75,$50-100,USD,neutral,shoes,sneakersnstuff,https://s3.amazonaws.com/assets.svpply.com/large/21031.jpg?1382719208,30
"Leica M8 White Edition : Un luxe fashion | Geek and Hype",http://www.geekandhype.com/2009/06/17/leica-m8-white-edition-un-luxe-fashion/,2750,$500-5000,USD,neutral,tech,Geek&&#8203;Hype,https://s3.amazonaws.com/assets.svpply.com/large/689.jpg?1400358374,390
"Breitling Transocean Chronograph Limited",http://www.acquiremag.com/style/watches/breitling-transocean-chronogra.php?utm_source=feedburner&utm_medium=feed&utm_campaign=Feed%3A+acquire+%28Acquire%29&utm_content=Google+Reader,2750,$500-5000,USD,male,accessories,Acquire,https://s3.amazonaws.com/assets.svpply.com/large/173725.jpg?1377844425,11
"Takumi Macinari Wood Writing Instrument | Gear Patrol",http://gearpatrol.com/blog/2010/06/23/takumi-macinari-wood-writing-instrument/,35,$20-50,USD,neutral,accessories,"Gear Patrol",https://s3.amazonaws.com/assets.svpply.com/large/46057.jpg?1404098303,77
"Steampunk Keyboard Mod | The Steampunk Workshop",http://steampunkworkshop.com/keyboard.shtml,2750,$500-5000,USD,neutral,tech,Steampunkworkshop,https://s3.amazonaws.com/assets.svpply.com/large/50459.jpg?1404150308,135
"Steelwool Bicycle Co.",http://www.steelwoolbicycles.ca/bikes/limited_black.html,2750,$500-5000,USD,neutral,tech,Steelwoolbicycles.ca,https://s3.amazonaws.com/assets.svpply.com/large/199589.jpg?1397341729,92
"Show Product Details",http://havenshop.ca/Store/ShowProductDetails.aspx?PK_ID=3098,35,$20-50,USD,male,apparel,HAVEN,https://s3.amazonaws.com/assets.svpply.com/large/67382.jpg?1400279604,50
"Premiata Lace-Up Boot - Men - Footwear",http://www.farfetch.com/shopping/men/footwear/item10051811.aspx,350,$200-500,USD,male,shoes,Farfetch,https://s3.amazonaws.com/assets.svpply.com/large/136076.jpg?1388035018,6
"Museum Black Case Strap Watch",http://www.saksfifthavenue.com/main/ProductDetail.jsp?PRODUCT%3C%3Eprd_id=845524446231055&FOLDER%3C%3Efolder_id=282574492708979&bmUID=iOhONZ8&ev19=4:15,2750,$500-5000,USD,male,accessories,"Saks Fifth Avenue",https://s3.amazonaws.com/assets.svpply.com/large/139165.jpg?1391289106,7
"Black Rivet Double-Breasted Wool Peacoat",http://www1.bloomingdales.com/catalog/product/index.ognc?ID=504372&CategoryID=21278,75,$50-100,USD,male,apparel,Bloomingdales,https://s3.amazonaws.com/assets.svpply.com/large/140855.jpg?1403136853,16
"bullet headphones | MUNITIO",http://munitio.com/products-page/earphones/m-blk/,150,$100-200,USD,female,accessories,Munitio,https://s3.amazonaws.com/assets.svpply.com/large/159912.jpg?1375592345,15
"UCON Acrobatics Pyramid Sweater (black)",http://selekkt.com/shop/fashion-t-shirts-accessoires/ucon-acrobatics-pyramid-sweater-black.html,75,$50-100,USD,male,apparel,Selekkt,https://s3.amazonaws.com/assets.svpply.com/large/84996.jpg?1391014975,142
"Schott Wool Car Coat",http://www.schottnyc.com/products/men/carcoat/wool-car-coat.htm,350,$200-500,USD,male,apparel,Schottnyc,https://s3.amazonaws.com/assets.svpply.com/large/63574.jpg?1404618950,306
"Moon Sweater",http://www.sixpack.fr/shop/homme/160-moon-sweater.html,75,$50-100,USD,male,apparel,"Sixpack France",https://s3.amazonaws.com/assets.svpply.com/large/63326.jpg?1403620002,461
"I love your face « 18 Waits",http://www.18waits.com/products-page/mens-t-shirts/i-love-your-face/,75,$50-100,USD,male,apparel,18waits,https://s3.amazonaws.com/assets.svpply.com/large/119949.jpg?1401015061,92
"Koto Roadster Cardigan","http://www.urbanoutfitters.com/urban/catalog/productdetail.jsp?itemdescription=true&itemCount=20&startValue=1&selectedProductColor=&sortby=&id=16469314&parentid=M_APP_CARDIGANS&sortProperties=+subCategoryPosition,+product.marketingPriority,-product.startD",35,$20-50,USD,male,apparel,"Urban Outfitters",https://s3.amazonaws.com/assets.svpply.com/large/34827.jpg?1376236118,41
"swissmiss | You are the CSS to my HTML",http://www.swiss-miss.com/2009/10/geek-t-shirt.html,35,$20-50,USD,male,apparel,Swiss-miss,https://s3.amazonaws.com/assets.svpply.com/large/4504.jpg?1404247830,229
"Cotton Madras",http://www.gitmanvintage.com/cotton_madras.html,75,$50-100,USD,male,apparel,Gitmanvintage,https://s3.amazonaws.com/assets.svpply.com/large/30661.jpg?1396057301,97
"Violent Elegance™ — The Ship Tee",http://www.violent-elegance.com/products/the-ship-tee,35,$20-50,USD,male,apparel,Violent-elegance,https://s3.amazonaws.com/assets.svpply.com/large/147810.jpg?1404441407,339
"You Me Oui Sweatshirt by Mark Owens for Sixpack France - artatheart",http://www.artatheart.co.uk/artatheart/2009/11/you-me-oui-sweatshirt-by-mark-owens-for-sixpack-france.html,75,$50-100,USD,male,apparel,Artatheart,https://s3.amazonaws.com/assets.svpply.com/large/157569.jpg?1404099062,646
"Timberland - Men's Timberland Boot Company® Wodehouse Chukka",http://shop.timberland.com/product/index.jsp?productId=4208756,350,$200-500,USD,male,shoes,Shop.timberland,https://s3.amazonaws.com/assets.svpply.com/large/78774.jpg?1403574694,55
"Leather Soul Hawaii",http://www.lsfootwear.com/,350,$200-500,USD,male,shoes,Lsfootwear,https://s3.amazonaws.com/assets.svpply.com/large/132270.jpg?1389731117,20
"Moxsie.com - Browse",http://shop.moxsie.com/browse?featuredblk=v2browse_moxsie_recommends,150,$100-200,USD,male,shoes,Moxie,https://s3.amazonaws.com/assets.svpply.com/large/150010.jpg?1398053213,90
"'Velskoen' Handmade Shoes",http://www.hickorees.com/CATEGORIES/SHOES-AND-BOOTS/BRANDS/HERBERT-SCHIER/PRODUCTS/VELSKOEN-HANDMADE-SHOES-BLACK,150,$100-200,USD,male,shoes,Hickoree's,https://s3.amazonaws.com/assets.svpply.com/large/59566.jpg?1397963021,179
"Vintage flannel shirt in Dyer plaid",http://www.jcrew.com/mens_category/shirts/flannelshirts/PRDOVR~31675/31675.jsp,75,$50-100,USD,male,apparel,J.Crew,https://s3.amazonaws.com/assets.svpply.com/large/110942.jpg?1353988456,7
"Adidas® Samba® sneakers",http://www.jcrew.com/mens_special_shops/theresortshop/PRDOVR~25614/25614.jsp,75,$50-100,USD,male,shoes,J.Crew,https://s3.amazonaws.com/assets.svpply.com/large/156172.jpg?1398147560,7
"Factory button-down shirt in vineyard madras",http://www.jcrew.com/mens_factory_category/allnew/PRDOVR~35052/99102202707/ENE~1+2+3+22+4294967294+20~~~205+16+4294966729~15~~~~~~~/35052.jsp,35,$20-50,USD,male,apparel,J.Crew,https://s3.amazonaws.com/assets.svpply.com/large/169106.jpg?1389708495,13
"C-Clamp Camera Tripod",http://www.museumofusefulthings.com/products/c-clamp-camera-tripod,10.5,$1-20,USD,neutral,tech,"Museum of Useful Things",https://s3.amazonaws.com/assets.svpply.com/large/196395.jpg?1402443108,60
"Сумка Ally Capellino Frank Brown - Fott Shop 2010",http://shop.fott.ru/catalog/product/ACAW10FRANK_B/,350,$200-500,USD,male,accessories,Shop.fott.ru,https://s3.amazonaws.com/assets.svpply.com/large/198697.jpg?1404337925,320
"WakeMate–Wake up fresh; sleep smarter - WakeMate",http://wakemate.com/,75,$50-100,USD,neutral,tech,Wakemate,https://s3.amazonaws.com/assets.svpply.com/large/198178_404.jpg?1403582354,335
"Moon Chart (signed)",http://agentgallerychicago.com/catalog/2/moon-chart-signed,75,$50-100,USD,neutral,home,"Agent Gallery Chicago",https://s3.amazonaws.com/assets.svpply.com/large/197683.jpg?1404061861,710
"Lace Up Mid Boot",http://needsupply.com/mens/shoes/lace-up-mid-boot.html,150,$100-200,USD,male,shoes,"Need Supply Co.",https://s3.amazonaws.com/assets.svpply.com/large/171385.jpg?1397114222,20
"1000 Mile Boot",http://needsupply.com/mens/1000-mile-boot.html,350,$200-500,USD,male,shoes,"Need Supply Co.",https://s3.amazonaws.com/assets.svpply.com/large/186705.jpg?1377526119,15
"Italian wool Ludlow suit pant",http://www.jcrew.com/mens_category/suitinganddressshirts/italianwoolsuiting/PRDOVR~16561/16561.jsp,150,$100-200,USD,male,apparel,J.Crew,https://s3.amazonaws.com/assets.svpply.com/large/115104.jpg?1338031257,6
"Navy sharkskin suiting tie",http://www.jcrew.com/mens_feature/weartoworkshop/ties/PRDOVR~23575/23575.jsp,75,$50-100,USD,male,accessories,J.Crew,https://s3.amazonaws.com/assets.svpply.com/large/54354.jpg?1380085278,2
"Heavyweight slub jersey hooded henley",http://www.jcrew.com/mens_special_shops/theresortshop/PRDOVR~13672/13672.jsp,75,$50-100,USD,male,apparel,J.Crew,https://s3.amazonaws.com/assets.svpply.com/large/156174.jpg?1379447445,75
"I need some fucking groceries bag.",http://www.cafepress.com/FuckingDinner.458955293#,10.5,$1-20,USD,neutral,accessories,Cafepress,https://s3.amazonaws.com/assets.svpply.com/large/52266.jpg?1404562944,757
"Grey Watch",http://needsupply.com/mens/accessories/grey-watch.html,150,$100-200,USD,male,accessories,"Need Supply Co.",https://s3.amazonaws.com/assets.svpply.com/large/147077.jpg?1404523885,369
"Magic Trackpad",http://store.apple.com/us/product/MC380LL/A,75,$50-100,USD,neutral,tech,Apple,https://s3.amazonaws.com/assets.svpply.com/large/51027.jpg?1401115094,204
"Davis // Products // 141 Eyewear",http://141eyewear.com/products/davis/,150,$100-200,USD,male,accessories,141eyewear,https://s3.amazonaws.com/assets.svpply.com/large/53142.jpg?1369702879,24
"Wings + Horns Gingham Collard Oxford Pique Polo Grey",http://www.contextclothing.com/item.php?id=1495,150,$100-200,USD,male,apparel,"Context Clothing",https://s3.amazonaws.com/assets.svpply.com/large/31992.jpg?1388269498,21
"Deer Hunter Sweatshirt in Charcoal",http://www.karmaloop.com/products.aspx?ProductID=102934&VendorCode=SCI,150,$100-200,USD,male,apparel,Karmaloop,https://s3.amazonaws.com/assets.svpply.com/large/184592.jpg?1345816154,8
"Simple Men's  Toekyo Lace Up",http://amazon.com/dp/B001AS4BQU/?tag=svpply01-20,35,$20-50,USD,male,apparel,Amazon,https://s3.amazonaws.com/assets.svpply.com/large/15367.jpg?1396842505,18
"Churchill Reading Chair",http://www.restorationhardware.com/catalog/product/product.jsp?productId=prod60091&categoryId=cat1701068,2750,$500-5000,USD,neutral,home,"Restoration Hardware",https://s3.amazonaws.com/assets.svpply.com/large/119821.jpg?1403991853,63
"Cast Aluminum Spot Light at Sultana | Apartment Therapy San Francisco",http://www.apartmenttherapy.com/sf/lighting/cast-aluminum-spot-light-at-sultana--056143,2750,$500-5000,USD,neutral,home,"Apartment Therapy",https://s3.amazonaws.com/assets.svpply.com/large/63678.jpg?1399983591,33
"Rustic Wood Coffee Table/Crate",http://www.etsy.com/listing/63538272/rustic-wood-coffee-tablecrate?ref=cat2_gallery_35,150,$100-200,USD,neutral,home,Etsy,https://s3.amazonaws.com/assets.svpply.com/large/161702.jpg?1394628627,54
"Fremont Chair",http://www.remodelista.com/products/fremont-chair,2750,$500-5000,USD,neutral,home,Remodelista,https://s3.amazonaws.com/assets.svpply.com/large/9033.jpg?1397429972,64
"Petrie Leather Chair",http://www.crateandbarrel.com/furniture/chairs/petrie-leather-chair/s455655,2750,$500-5000,USD,neutral,home,"Crate and Barrel",https://s3.amazonaws.com/assets.svpply.com/large/82124.jpg?1403666186,167
"The Enlightenment Lamp",http://www.lightupyourworld.nl/,150,$100-200,USD,neutral,home,Lightupyourworld.nl,https://s3.amazonaws.com/assets.svpply.com/large/150635.jpg?1403176966,241
"Orono II. Vintage Canning Jar LAMP Created New",http://www.etsy.com/listing/62754188/orono-ii-vintage-canning-jar-lamp?ref=cat2_gallery_31,35,$20-50,USD,neutral,home,Etsy,https://s3.amazonaws.com/assets.svpply.com/large/130126.jpg?1401880783,480
"Out_Time Watch",http://www.emmohome.com/alessi-watches-al13000-out-time-watch-white-dial-black-strap.html,150,$100-200,USD,neutral,accessories,Emmohome,https://s3.amazonaws.com/assets.svpply.com/large/19595.jpg?1404526190,95
"Mission Impossible Hunted: The Official Watch of the Musée International d'Horlogerie, La Chaux-de-Fonds",http://www.ornatus-mundi.ch/artikel_12/artikel_12_1.htm,2750,$500-5000,USD,male,accessories,Ornatus-mundi.ch,https://s3.amazonaws.com/assets.svpply.com/large/42794.jpg?1388297194,30
"GRADO RS2i REFERENCE HEADPHONES - elusivedisc",http://www.elusivedisc.com/prodinfo.asp?number=GRADOSRS2I,2750,$500-5000,USD,neutral,tech,Elusivedisc,https://s3.amazonaws.com/assets.svpply.com/large/3241.jpg?1401160830,64
"Leica M9 Rangefinder Digital Camera Body (Steel Grey) 10705 -",http://www.bhphotovideo.com/c/product/649924-USA/Leica_10705_M9_Rangefinder_Digital_Camera.html,2750,$500-5000,USD,neutral,tech,"B & H Photo/Video",https://s3.amazonaws.com/assets.svpply.com/large/85674.jpg?1403638341,357
Speak-er,http://www.thinkofthe.com/product.php?name=speak-er,75,$50-100,USD,neutral,tech,Thinkofthe,https://s3.amazonaws.com/assets.svpply.com/large/145409.jpg?1402517428,393
"USB Battleship",http://www.kikkerland.com/prod/US007.html,35,$20-50,USD,neutral,tech,None1,https://s3.amazonaws.com/assets.svpply.com/large/128435.jpg?1404171377,304
"Brook & Hunter MT-W-AXE Premium Mo-Tool Axe with Wood Inlay Handle",http://amazon.com/dp/B001PTG8F6/?tag=svpply01-20,25.86,$25.86,USD,neutral,tech,Amazon,https://s3.amazonaws.com/assets.svpply.com/large/51873.jpg?1404607573,394
"LaCie CooKey 4 GB USB 2.0 Flash Drive 131048",http://amazon.com/dp/B00347URC2/?tag=svpply01-20,33.99,$33.99,USD,neutral,tech,Amazon,https://s3.amazonaws.com/assets.svpply.com/large/50276.jpg?1388035003,129
"Alessi Unisex AL13001 Out Time Brown Leather Strap Watch",http://amazon.com/dp/B002LVTX4K/?tag=svpply01-20,180.00,$180.00,USD,male,accessories,Amazon,https://s3.amazonaws.com/assets.svpply.com/large/81177.jpg?1404248532,691
"Original Wayfarer RB5121 Optical",http://www.ray-ban.com/usa/products/optical/RB5121,150,$100-200,USD,neutral,accessories,Ray-ban,https://s3.amazonaws.com/assets.svpply.com/large/76762.jpg?1400736178,21
FFFFOUND!,http://ffffound.com/?offset=75&,2750,$500-5000,USD,neutral,home,Ffffound,https://s3.amazonaws.com/assets.svpply.com/large/112671.jpg?1404466917,534
"Maritime Wristwatch - Black - JUNRO",http://www.junro.com/products/maritime-wristwatch-black,350,$200-500,USD,male,accessories,Junro,https://s3.amazonaws.com/assets.svpply.com/large/15030.jpg?1359677577,9
"Uniform Wares",http://www.uniformwares.com/product_info.php?cPath=1&products_id=28&currency=USD,150,$100-200,USD,neutral,accessories,Uniformwares,https://s3.amazonaws.com/assets.svpply.com/large/11512.jpg?1393686751,40
"Worsted wool Ludlow two-button suit jacket",http://www.jcrew.com/AST/Browse/MensBrowse/Men_Shop_By_Category/suitinganddressshirts/italianwoolsuiting/PRDOVR~11707/11707.jsp,350,$200-500,USD,male,apparel,J.Crew,https://s3.amazonaws.com/assets.svpply.com/large/9721.jpg?1402722083,87
